RegionName,date,type,rent_index,forecast_low,forecast_high
"Atlanta, GA",2015-01-31,actual,1000.52,,
"Atlanta, GA",2015-02-28,actual,1002.47,,
"Atlanta, GA",2015-03-31,actual,1005.06,,
"Atlanta, GA",2015-04-30,actual,1021.25,,
"Atlanta, GA",2015-05-31,actual,1027.72,,
"Atlanta, GA",2015-06-30,actual,1041.02,,
"Atlanta, GA",2015-07-31,actual,1043.05,,
"Atlanta, GA",2015-08-31,actual,1043.88,,
"Atlanta, GA",2015-09-30,actual,1044.0,,
"Atlanta, GA",2015-10-31,actual,1053.44,,
"Atlanta, GA",2015-11-30,actual,1073.49,,
"Atlanta, GA",2015-12-31,actual,1086.8,,
"Atlanta, GA",2016-01-31,actual,1094.99,,
"Atlanta, GA",2016-02-29,actual,1100.06,,
"Atlanta, GA",2016-03-31,actual,1108.72,,
"Atlanta, GA",2016-04-30,actual,1109.68,,
"Atlanta, GA",2016-05-31,actual,1112.29,,
"Atlanta, GA",2016-06-30,actual,1118.38,,
"Atlanta, GA",2016-07-31,actual,1130.2,,
"Atlanta, GA",2016-08-31,actual,1142.44,,
"Atlanta, GA",2016-09-30,actual,1153.15,,
"Atlanta, GA",2016-10-31,actual,1160.82,,
"Atlanta, GA",2016-11-30,actual,1165.09,,
"Atlanta, GA",2016-12-31,actual,1165.42,,
"Atlanta, GA",2017-01-31,actual,1170.37,,
"Atlanta, GA",2017-02-28,actual,1177.91,,
"Atlanta, GA",2017-03-31,actual,1185.12,,
"Atlanta, GA",2017-04-30,actual,1194.59,,
"Atlanta, GA",2017-05-31,actual,1201.85,,
"Atlanta, GA",2017-06-30,actual,1207.17,,
"Atlanta, GA",2017-07-31,actual,1212.22,,
"Atlanta, GA",2017-08-31,actual,1215.96,,
"Atlanta, GA",2017-09-30,actual,1227.43,,
"Atlanta, GA",2017-10-31,actual,1230.74,,
"Atlanta, GA",2017-11-30,actual,1232.45,,
"Atlanta, GA",2017-12-31,actual,1233.29,,
"Atlanta, GA",2018-01-31,actual,1241.59,,
"Atlanta, GA",2018-02-28,actual,1251.46,,
"Atlanta, GA",2018-03-31,actual,1256.89,,
"Atlanta, GA",2018-04-30,actual,1261.79,,
"Atlanta, GA",2018-05-31,actual,1270.0,,
"Atlanta, GA",2018-06-30,actual,1276.93,,
"Atlanta, GA",2018-07-31,actual,1283.23,,
"Atlanta, GA",2018-08-31,actual,1287.94,,
"Atlanta, GA",2018-09-30,actual,1292.78,,
"Atlanta, GA",2018-10-31,actual,1305.14,,
"Atlanta, GA",2018-11-30,actual,1314.49,,
"Atlanta, GA",2018-12-31,actual,1321.47,,
"Atlanta, GA",2019-01-31,actual,1325.25,,
"Atlanta, GA",2019-02-28,actual,1326.97,,
"Atlanta, GA",2019-03-31,actual,1331.94,,
"Atlanta, GA",2019-04-30,actual,1337.06,,
"Atlanta, GA",2019-05-31,actual,1340.51,,
"Atlanta, GA",2019-06-30,actual,1344.55,,
"Atlanta, GA",2019-07-31,actual,1348.0,,
"Atlanta, GA",2019-08-31,actual,1352.9,,
"Atlanta, GA",2019-09-30,actual,1353.65,,
"Atlanta, GA",2019-10-31,actual,1352.67,,
"Atlanta, GA",2019-11-30,actual,1354.87,,
"Atlanta, GA",2019-12-31,actual,1359.96,,
"Atlanta, GA",2020-01-31,actual,1362.29,,
"Atlanta, GA",2020-02-29,actual,1364.43,,
"Atlanta, GA",2020-03-31,actual,1368.94,,
"Atlanta, GA",2020-04-30,actual,1362.76,,
"Atlanta, GA",2020-05-31,actual,1352.16,,
"Atlanta, GA",2020-06-30,actual,1344.98,,
"Atlanta, GA",2020-07-31,actual,1346.79,,
"Atlanta, GA",2020-08-31,actual,1348.33,,
"Atlanta, GA",2020-09-30,actual,1350.99,,
"Atlanta, GA",2020-10-31,actual,1354.77,,
"Atlanta, GA",2020-11-30,actual,1366.87,,
"Atlanta, GA",2020-12-31,actual,1380.95,,
"Atlanta, GA",2021-01-31,actual,1397.29,,
"Atlanta, GA",2021-02-28,actual,1411.82,,
"Atlanta, GA",2021-03-31,actual,1425.31,,
"Atlanta, GA",2021-04-30,actual,1446.9,,
"Atlanta, GA",2021-05-31,actual,1474.02,,
"Atlanta, GA",2021-06-30,actual,1509.09,,
"Atlanta, GA",2021-07-31,actual,1544.93,,
"Atlanta, GA",2021-08-31,actual,1584.74,,
"Atlanta, GA",2021-09-30,actual,1622.73,,
"Atlanta, GA",2021-10-31,actual,1654.29,,
"Atlanta, GA",2021-11-30,actual,1674.3,,
"Atlanta, GA",2021-12-31,actual,1684.37,,
"Atlanta, GA",2022-01-31,actual,1687.03,,
"Atlanta, GA",2022-02-28,actual,1688.27,,
"Atlanta, GA",2022-03-31,actual,1694.05,,
"Atlanta, GA",2022-04-30,actual,1702.12,,
"Atlanta, GA",2022-05-31,actual,1714.06,,
"Atlanta, GA",2022-06-30,actual,1722.22,,
"Atlanta, GA",2022-07-31,actual,1728.81,,
"Atlanta, GA",2022-08-31,actual,1727.81,,
"Atlanta, GA",2022-09-30,actual,1723.12,,
"Atlanta, GA",2022-10-31,actual,1714.89,,
"Atlanta, GA",2022-11-30,actual,1709.37,,
"Atlanta, GA",2022-12-31,actual,1707.48,,
"Atlanta, GA",2023-01-31,actual,1708.5,,
"Atlanta, GA",2023-02-28,actual,1711.16,,
"Atlanta, GA",2023-03-31,actual,1717.04,,
"Atlanta, GA",2023-04-30,actual,1716.02,,
"Atlanta, GA",2023-05-31,actual,1710.89,,
"Atlanta, GA",2023-06-30,actual,1699.43,,
"Atlanta, GA",2023-07-31,actual,1688.42,,
"Atlanta, GA",2023-08-31,actual,1677.11,,
"Atlanta, GA",2023-09-30,actual,1667.1,,
"Atlanta, GA",2023-10-31,actual,1660.58,,
"Atlanta, GA",2023-11-30,actual,1657.71,,
"Atlanta, GA",2023-12-31,actual,1654.76,,
"Atlanta, GA",2024-01-31,actual,1653.36,,
"Atlanta, GA",2024-02-29,actual,1652.77,,
"Atlanta, GA",2024-03-31,actual,1649.63,,
"Atlanta, GA",2024-04-30,actual,1648.62,,
"Atlanta, GA",2024-05-31,actual,1648.41,,
"Atlanta, GA",2024-06-30,actual,1647.08,,
"Atlanta, GA",2024-07-31,actual,1641.92,,
"Atlanta, GA",2024-08-31,actual,1635.13,,
"Atlanta, GA",2024-09-30,actual,1634.93,,
"Atlanta, GA",2024-10-31,actual,1635.4,,
"Atlanta, GA",2024-11-30,actual,1637.21,,
"Atlanta, GA",2024-12-31,actual,1637.23,,
"Atlanta, GA",2025-01-31,actual,1639.09,,
"Atlanta, GA",2025-02-28,actual,1642.04,,
"Atlanta, GA",2025-03-31,actual,1644.38,,
"Atlanta, GA",2025-04-30,actual,1643.02,,
"Atlanta, GA",2025-05-31,actual,1642.49,,
"Atlanta, GA",2025-06-30,actual,1645.7,,
"Atlanta, GA",2025-07-31,actual,1651.54,,
"Atlanta, GA",2025-08-31,actual,1659.68,,
"Atlanta, GA",2025-09-30,actual,1662.65,,
"Atlanta, GA",2025-10-31,actual,1663.96,,
"Atlanta, GA",2025-11-30,actual,1662.07,,
"Atlanta, GA",2025-12-31,actual,1660.86,,
"Atlanta, GA",2026-01-31,actual,1656.98,,
"Atlanta, GA",2026-02-28,actual,1651.46,,
"Atlanta, GA",2026-03-31,actual,1646.76,,
"Atlanta, GA",2026-04-30,actual,1644.88,,
"Atlanta, GA",2026-05-31,forecast,1643.0,1635.73,1650.28
"Atlanta, GA",2026-06-30,forecast,1641.13,1630.84,1651.42
"Atlanta, GA",2026-07-31,forecast,1639.25,1626.65,1651.85
"Atlanta, GA",2026-08-31,forecast,1637.37,1622.83,1651.92
"Atlanta, GA",2026-09-30,forecast,1635.5,1619.23,1651.76
"Atlanta, GA",2026-10-31,forecast,1633.62,1615.8,1651.44
"Atlanta, GA",2026-11-30,forecast,1631.74,1612.5,1650.99
"Atlanta, GA",2026-12-31,forecast,1629.87,1609.29,1650.44
"Atlanta, GA",2027-01-31,forecast,1627.99,1606.17,1649.81
"Atlanta, GA",2027-02-28,forecast,1626.12,1603.11,1649.12
"Atlanta, GA",2027-03-31,forecast,1624.24,1600.11,1648.36
"Atlanta, GA",2027-04-30,forecast,1622.36,1597.16,1647.56
"Austin, TX",2015-01-31,actual,1133.46,,
"Austin, TX",2015-02-28,actual,1140.29,,
"Austin, TX",2015-03-31,actual,1143.39,,
"Austin, TX",2015-04-30,actual,1145.92,,
"Austin, TX",2015-05-31,actual,1153.89,,
"Austin, TX",2015-06-30,actual,1162.2,,
"Austin, TX",2015-07-31,actual,1168.61,,
"Austin, TX",2015-08-31,actual,1173.07,,
"Austin, TX",2015-09-30,actual,1182.54,,
"Austin, TX",2015-10-31,actual,1191.13,,
"Austin, TX",2015-11-30,actual,1209.26,,
"Austin, TX",2015-12-31,actual,1213.65,,
"Austin, TX",2016-01-31,actual,1212.1,,
"Austin, TX",2016-02-29,actual,1202.16,,
"Austin, TX",2016-03-31,actual,1199.81,,
"Austin, TX",2016-04-30,actual,1208.31,,
"Austin, TX",2016-05-31,actual,1211.07,,
"Austin, TX",2016-06-30,actual,1217.04,,
"Austin, TX",2016-07-31,actual,1218.11,,
"Austin, TX",2016-08-31,actual,1224.22,,
"Austin, TX",2016-09-30,actual,1230.12,,
"Austin, TX",2016-10-31,actual,1232.02,,
"Austin, TX",2016-11-30,actual,1228.67,,
"Austin, TX",2016-12-31,actual,1233.03,,
"Austin, TX",2017-01-31,actual,1238.97,,
"Austin, TX",2017-02-28,actual,1248.5,,
"Austin, TX",2017-03-31,actual,1254.33,,
"Austin, TX",2017-04-30,actual,1254.1,,
"Austin, TX",2017-05-31,actual,1254.03,,
"Austin, TX",2017-06-30,actual,1251.75,,
"Austin, TX",2017-07-31,actual,1253.4,,
"Austin, TX",2017-08-31,actual,1253.28,,
"Austin, TX",2017-09-30,actual,1250.02,,
"Austin, TX",2017-10-31,actual,1249.27,,
"Austin, TX",2017-11-30,actual,1252.24,,
"Austin, TX",2017-12-31,actual,1256.69,,
"Austin, TX",2018-01-31,actual,1259.49,,
"Austin, TX",2018-02-28,actual,1266.98,,
"Austin, TX",2018-03-31,actual,1265.07,,
"Austin, TX",2018-04-30,actual,1267.49,,
"Austin, TX",2018-05-31,actual,1268.88,,
"Austin, TX",2018-06-30,actual,1279.35,,
"Austin, TX",2018-07-31,actual,1287.25,,
"Austin, TX",2018-08-31,actual,1292.39,,
"Austin, TX",2018-09-30,actual,1297.27,,
"Austin, TX",2018-10-31,actual,1302.37,,
"Austin, TX",2018-11-30,actual,1312.47,,
"Austin, TX",2018-12-31,actual,1316.07,,
"Austin, TX",2019-01-31,actual,1318.92,,
"Austin, TX",2019-02-28,actual,1321.35,,
"Austin, TX",2019-03-31,actual,1330.23,,
"Austin, TX",2019-04-30,actual,1336.44,,
"Austin, TX",2019-05-31,actual,1344.37,,
"Austin, TX",2019-06-30,actual,1345.43,,
"Austin, TX",2019-07-31,actual,1347.57,,
"Austin, TX",2019-08-31,actual,1351.69,,
"Austin, TX",2019-09-30,actual,1357.4,,
"Austin, TX",2019-10-31,actual,1362.39,,
"Austin, TX",2019-11-30,actual,1362.31,,
"Austin, TX",2019-12-31,actual,1365.2,,
"Austin, TX",2020-01-31,actual,1369.22,,
"Austin, TX",2020-02-29,actual,1370.45,,
"Austin, TX",2020-03-31,actual,1376.4,,
"Austin, TX",2020-04-30,actual,1367.68,,
"Austin, TX",2020-05-31,actual,1353.32,,
"Austin, TX",2020-06-30,actual,1336.35,,
"Austin, TX",2020-07-31,actual,1325.41,,
"Austin, TX",2020-08-31,actual,1316.91,,
"Austin, TX",2020-09-30,actual,1308.42,,
"Austin, TX",2020-10-31,actual,1307.2,,
"Austin, TX",2020-11-30,actual,1314.35,,
"Austin, TX",2020-12-31,actual,1325.46,,
"Austin, TX",2021-01-31,actual,1341.02,,
"Austin, TX",2021-02-28,actual,1356.45,,
"Austin, TX",2021-03-31,actual,1372.51,,
"Austin, TX",2021-04-30,actual,1393.73,,
"Austin, TX",2021-05-31,actual,1424.3,,
"Austin, TX",2021-06-30,actual,1461.42,,
"Austin, TX",2021-07-31,actual,1500.8,,
"Austin, TX",2021-08-31,actual,1544.45,,
"Austin, TX",2021-09-30,actual,1585.1,,
"Austin, TX",2021-10-31,actual,1612.49,,
"Austin, TX",2021-11-30,actual,1625.36,,
"Austin, TX",2021-12-31,actual,1637.42,,
"Austin, TX",2022-01-31,actual,1646.31,,
"Austin, TX",2022-02-28,actual,1659.39,,
"Austin, TX",2022-03-31,actual,1666.35,,
"Austin, TX",2022-04-30,actual,1679.88,,
"Austin, TX",2022-05-31,actual,1691.69,,
"Austin, TX",2022-06-30,actual,1705.8,,
"Austin, TX",2022-07-31,actual,1715.15,,
"Austin, TX",2022-08-31,actual,1712.25,,
"Austin, TX",2022-09-30,actual,1707.51,,
"Austin, TX",2022-10-31,actual,1699.03,,
"Austin, TX",2022-11-30,actual,1695.66,,
"Austin, TX",2022-12-31,actual,1690.1,,
"Austin, TX",2023-01-31,actual,1689.43,,
"Austin, TX",2023-02-28,actual,1686.82,,
"Austin, TX",2023-03-31,actual,1690.92,,
"Austin, TX",2023-04-30,actual,1683.12,,
"Austin, TX",2023-05-31,actual,1674.83,,
"Austin, TX",2023-06-30,actual,1659.21,,
"Austin, TX",2023-07-31,actual,1647.67,,
"Austin, TX",2023-08-31,actual,1636.39,,
"Austin, TX",2023-09-30,actual,1625.3,,
"Austin, TX",2023-10-31,actual,1621.02,,
"Austin, TX",2023-11-30,actual,1620.12,,
"Austin, TX",2023-12-31,actual,1619.13,,
"Austin, TX",2024-01-31,actual,1610.01,,
"Austin, TX",2024-02-29,actual,1598.29,,
"Austin, TX",2024-03-31,actual,1585.19,,
"Austin, TX",2024-04-30,actual,1579.49,,
"Austin, TX",2024-05-31,actual,1573.46,,
"Austin, TX",2024-06-30,actual,1569.54,,
"Austin, TX",2024-07-31,actual,1561.86,,
"Austin, TX",2024-08-31,actual,1554.42,,
"Austin, TX",2024-09-30,actual,1548.55,,
"Austin, TX",2024-10-31,actual,1541.33,,
"Austin, TX",2024-11-30,actual,1534.53,,
"Austin, TX",2024-12-31,actual,1526.47,,
"Austin, TX",2025-01-31,actual,1520.25,,
"Austin, TX",2025-02-28,actual,1513.29,,
"Austin, TX",2025-03-31,actual,1509.53,,
"Austin, TX",2025-04-30,actual,1503.73,,
"Austin, TX",2025-05-31,actual,1497.31,,
"Austin, TX",2025-06-30,actual,1491.61,,
"Austin, TX",2025-07-31,actual,1487.47,,
"Austin, TX",2025-08-31,actual,1484.78,,
"Austin, TX",2025-09-30,actual,1481.14,,
"Austin, TX",2025-10-31,actual,1476.45,,
"Austin, TX",2025-11-30,actual,1469.53,,
"Austin, TX",2025-12-31,actual,1463.94,,
"Austin, TX",2026-01-31,actual,1459.75,,
"Austin, TX",2026-02-28,actual,1457.49,,
"Austin, TX",2026-03-31,actual,1452.67,,
"Austin, TX",2026-04-30,actual,1448.15,,
"Austin, TX",2026-05-31,forecast,1443.6,1435.43,1451.78
"Austin, TX",2026-06-30,forecast,1439.06,1427.5,1450.62
"Austin, TX",2026-07-31,forecast,1434.52,1420.36,1448.67
"Austin, TX",2026-08-31,forecast,1429.97,1413.63,1446.32
"Austin, TX",2026-09-30,forecast,1425.43,1407.15,1443.7
"Austin, TX",2026-10-31,forecast,1420.88,1400.86,1440.9
"Austin, TX",2026-11-30,forecast,1416.34,1394.72,1437.96
"Austin, TX",2026-12-31,forecast,1411.8,1388.68,1434.91
"Austin, TX",2027-01-31,forecast,1407.25,1382.73,1431.77
"Austin, TX",2027-02-28,forecast,1402.71,1376.86,1428.56
"Austin, TX",2027-03-31,forecast,1398.17,1371.06,1425.27
"Austin, TX",2027-04-30,forecast,1393.62,1365.31,1421.94
"Chicago, IL",2015-01-31,actual,1396.89,,
"Chicago, IL",2015-02-28,actual,1397.92,,
"Chicago, IL",2015-03-31,actual,1403.12,,
"Chicago, IL",2015-04-30,actual,1406.1,,
"Chicago, IL",2015-05-31,actual,1411.54,,
"Chicago, IL",2015-06-30,actual,1414.84,,
"Chicago, IL",2015-07-31,actual,1417.8,,
"Chicago, IL",2015-08-31,actual,1421.72,,
"Chicago, IL",2015-09-30,actual,1425.3,,
"Chicago, IL",2015-10-31,actual,1431.42,,
"Chicago, IL",2015-11-30,actual,1437.08,,
"Chicago, IL",2015-12-31,actual,1441.6,,
"Chicago, IL",2016-01-31,actual,1448.2,,
"Chicago, IL",2016-02-29,actual,1449.97,,
"Chicago, IL",2016-03-31,actual,1453.96,,
"Chicago, IL",2016-04-30,actual,1452.9,,
"Chicago, IL",2016-05-31,actual,1455.75,,
"Chicago, IL",2016-06-30,actual,1458.89,,
"Chicago, IL",2016-07-31,actual,1464.92,,
"Chicago, IL",2016-08-31,actual,1471.81,,
"Chicago, IL",2016-09-30,actual,1474.51,,
"Chicago, IL",2016-10-31,actual,1478.27,,
"Chicago, IL",2016-11-30,actual,1477.07,,
"Chicago, IL",2016-12-31,actual,1477.07,,
"Chicago, IL",2017-01-31,actual,1475.13,,
"Chicago, IL",2017-02-28,actual,1481.96,,
"Chicago, IL",2017-03-31,actual,1489.4,,
"Chicago, IL",2017-04-30,actual,1496.35,,
"Chicago, IL",2017-05-31,actual,1500.06,,
"Chicago, IL",2017-06-30,actual,1501.57,,
"Chicago, IL",2017-07-31,actual,1502.13,,
"Chicago, IL",2017-08-31,actual,1500.43,,
"Chicago, IL",2017-09-30,actual,1505.16,,
"Chicago, IL",2017-10-31,actual,1507.23,,
"Chicago, IL",2017-11-30,actual,1511.27,,
"Chicago, IL",2017-12-31,actual,1513.13,,
"Chicago, IL",2018-01-31,actual,1517.45,,
"Chicago, IL",2018-02-28,actual,1521.06,,
"Chicago, IL",2018-03-31,actual,1522.95,,
"Chicago, IL",2018-04-30,actual,1523.75,,
"Chicago, IL",2018-05-31,actual,1526.43,,
"Chicago, IL",2018-06-30,actual,1531.16,,
"Chicago, IL",2018-07-31,actual,1536.28,,
"Chicago, IL",2018-08-31,actual,1539.15,,
"Chicago, IL",2018-09-30,actual,1538.03,,
"Chicago, IL",2018-10-31,actual,1537.91,,
"Chicago, IL",2018-11-30,actual,1541.42,,
"Chicago, IL",2018-12-31,actual,1551.17,,
"Chicago, IL",2019-01-31,actual,1555.25,,
"Chicago, IL",2019-02-28,actual,1557.89,,
"Chicago, IL",2019-03-31,actual,1559.97,,
"Chicago, IL",2019-04-30,actual,1564.26,,
"Chicago, IL",2019-05-31,actual,1567.86,,
"Chicago, IL",2019-06-30,actual,1570.94,,
"Chicago, IL",2019-07-31,actual,1573.65,,
"Chicago, IL",2019-08-31,actual,1579.04,,
"Chicago, IL",2019-09-30,actual,1585.25,,
"Chicago, IL",2019-10-31,actual,1591.72,,
"Chicago, IL",2019-11-30,actual,1595.44,,
"Chicago, IL",2019-12-31,actual,1595.17,,
"Chicago, IL",2020-01-31,actual,1598.46,,
"Chicago, IL",2020-02-29,actual,1601.59,,
"Chicago, IL",2020-03-31,actual,1605.43,,
"Chicago, IL",2020-04-30,actual,1594.11,,
"Chicago, IL",2020-05-31,actual,1582.11,,
"Chicago, IL",2020-06-30,actual,1571.54,,
"Chicago, IL",2020-07-31,actual,1566.92,,
"Chicago, IL",2020-08-31,actual,1562.57,,
"Chicago, IL",2020-09-30,actual,1556.86,,
"Chicago, IL",2020-10-31,actual,1548.48,,
"Chicago, IL",2020-11-30,actual,1542.62,,
"Chicago, IL",2020-12-31,actual,1540.92,,
"Chicago, IL",2021-01-31,actual,1541.82,,
"Chicago, IL",2021-02-28,actual,1546.76,,
"Chicago, IL",2021-03-31,actual,1554.18,,
"Chicago, IL",2021-04-30,actual,1570.74,,
"Chicago, IL",2021-05-31,actual,1587.42,,
"Chicago, IL",2021-06-30,actual,1606.0,,
"Chicago, IL",2021-07-31,actual,1620.64,,
"Chicago, IL",2021-08-31,actual,1635.49,,
"Chicago, IL",2021-09-30,actual,1651.31,,
"Chicago, IL",2021-10-31,actual,1665.83,,
"Chicago, IL",2021-11-30,actual,1681.03,,
"Chicago, IL",2021-12-31,actual,1694.83,,
"Chicago, IL",2022-01-31,actual,1708.04,,
"Chicago, IL",2022-02-28,actual,1717.48,,
"Chicago, IL",2022-03-31,actual,1726.96,,
"Chicago, IL",2022-04-30,actual,1738.59,,
"Chicago, IL",2022-05-31,actual,1751.62,,
"Chicago, IL",2022-06-30,actual,1762.63,,
"Chicago, IL",2022-07-31,actual,1774.59,,
"Chicago, IL",2022-08-31,actual,1784.57,,
"Chicago, IL",2022-09-30,actual,1795.29,,
"Chicago, IL",2022-10-31,actual,1805.99,,
"Chicago, IL",2022-11-30,actual,1815.19,,
"Chicago, IL",2022-12-31,actual,1823.47,,
"Chicago, IL",2023-01-31,actual,1829.71,,
"Chicago, IL",2023-02-28,actual,1838.67,,
"Chicago, IL",2023-03-31,actual,1847.54,,
"Chicago, IL",2023-04-30,actual,1853.64,,
"Chicago, IL",2023-05-31,actual,1861.63,,
"Chicago, IL",2023-06-30,actual,1868.75,,
"Chicago, IL",2023-07-31,actual,1877.05,,
"Chicago, IL",2023-08-31,actual,1886.44,,
"Chicago, IL",2023-09-30,actual,1892.65,,
"Chicago, IL",2023-10-31,actual,1898.78,,
"Chicago, IL",2023-11-30,actual,1904.23,,
"Chicago, IL",2023-12-31,actual,1913.97,,
"Chicago, IL",2024-01-31,actual,1922.68,,
"Chicago, IL",2024-02-29,actual,1930.18,,
"Chicago, IL",2024-03-31,actual,1934.95,,
"Chicago, IL",2024-04-30,actual,1941.81,,
"Chicago, IL",2024-05-31,actual,1947.83,,
"Chicago, IL",2024-06-30,actual,1954.38,,
"Chicago, IL",2024-07-31,actual,1960.64,,
"Chicago, IL",2024-08-31,actual,1967.22,,
"Chicago, IL",2024-09-30,actual,1976.0,,
"Chicago, IL",2024-10-31,actual,1987.42,,
"Chicago, IL",2024-11-30,actual,1998.55,,
"Chicago, IL",2024-12-31,actual,2008.71,,
"Chicago, IL",2025-01-31,actual,2016.17,,
"Chicago, IL",2025-02-28,actual,2025.92,,
"Chicago, IL",2025-03-31,actual,2034.97,,
"Chicago, IL",2025-04-30,actual,2046.14,,
"Chicago, IL",2025-05-31,actual,2056.24,,
"Chicago, IL",2025-06-30,actual,2066.66,,
"Chicago, IL",2025-07-31,actual,2076.6,,
"Chicago, IL",2025-08-31,actual,2086.09,,
"Chicago, IL",2025-09-30,actual,2095.21,,
"Chicago, IL",2025-10-31,actual,2102.25,,
"Chicago, IL",2025-11-30,actual,2110.17,,
"Chicago, IL",2025-12-31,actual,2116.91,,
"Chicago, IL",2026-01-31,actual,2126.71,,
"Chicago, IL",2026-02-28,actual,2134.77,,
"Chicago, IL",2026-03-31,actual,2144.69,,
"Chicago, IL",2026-04-30,actual,2152.35,,
"Chicago, IL",2026-05-31,forecast,2160.24,2155.55,2164.93
"Chicago, IL",2026-06-30,forecast,2168.09,2161.46,2174.72
"Chicago, IL",2026-07-31,forecast,2175.94,2167.83,2184.06
"Chicago, IL",2026-08-31,forecast,2183.8,2174.42,2193.17
"Chicago, IL",2026-09-30,forecast,2191.65,2181.17,2202.13
"Chicago, IL",2026-10-31,forecast,2199.5,2188.02,2210.98
"Chicago, IL",2026-11-30,forecast,2207.35,2194.95,2219.75
"Chicago, IL",2026-12-31,forecast,2215.2,2201.95,2228.46
"Chicago, IL",2027-01-31,forecast,2223.06,2209.0,2237.12
"Chicago, IL",2027-02-28,forecast,2230.91,2216.09,2245.73
"Chicago, IL",2027-03-31,forecast,2238.76,2223.22,2254.3
"Chicago, IL",2027-04-30,forecast,2246.61,2230.38,2262.85
"Dallas, TX",2015-01-31,actual,1049.78,,
"Dallas, TX",2015-02-28,actual,1046.16,,
"Dallas, TX",2015-03-31,actual,1049.55,,
"Dallas, TX",2015-04-30,actual,1062.08,,
"Dallas, TX",2015-05-31,actual,1068.16,,
"Dallas, TX",2015-06-30,actual,1079.01,,
"Dallas, TX",2015-07-31,actual,1081.88,,
"Dallas, TX",2015-08-31,actual,1084.69,,
"Dallas, TX",2015-09-30,actual,1088.34,,
"Dallas, TX",2015-10-31,actual,1091.07,,
"Dallas, TX",2015-11-30,actual,1099.61,,
"Dallas, TX",2015-12-31,actual,1112.42,,
"Dallas, TX",2016-01-31,actual,1116.83,,
"Dallas, TX",2016-02-29,actual,1121.75,,
"Dallas, TX",2016-03-31,actual,1127.57,,
"Dallas, TX",2016-04-30,actual,1136.64,,
"Dallas, TX",2016-05-31,actual,1141.76,,
"Dallas, TX",2016-06-30,actual,1144.69,,
"Dallas, TX",2016-07-31,actual,1148.39,,
"Dallas, TX",2016-08-31,actual,1155.51,,
"Dallas, TX",2016-09-30,actual,1162.3,,
"Dallas, TX",2016-10-31,actual,1175.49,,
"Dallas, TX",2016-11-30,actual,1180.26,,
"Dallas, TX",2016-12-31,actual,1185.24,,
"Dallas, TX",2017-01-31,actual,1190.63,,
"Dallas, TX",2017-02-28,actual,1194.5,,
"Dallas, TX",2017-03-31,actual,1203.15,,
"Dallas, TX",2017-04-30,actual,1204.11,,
"Dallas, TX",2017-05-31,actual,1215.84,,
"Dallas, TX",2017-06-30,actual,1217.84,,
"Dallas, TX",2017-07-31,actual,1220.05,,
"Dallas, TX",2017-08-31,actual,1220.4,,
"Dallas, TX",2017-09-30,actual,1222.74,,
"Dallas, TX",2017-10-31,actual,1221.68,,
"Dallas, TX",2017-11-30,actual,1225.63,,
"Dallas, TX",2017-12-31,actual,1225.2,,
"Dallas, TX",2018-01-31,actual,1232.7,,
"Dallas, TX",2018-02-28,actual,1237.98,,
"Dallas, TX",2018-03-31,actual,1238.76,,
"Dallas, TX",2018-04-30,actual,1239.65,,
"Dallas, TX",2018-05-31,actual,1239.67,,
"Dallas, TX",2018-06-30,actual,1245.12,,
"Dallas, TX",2018-07-31,actual,1250.64,,
"Dallas, TX",2018-08-31,actual,1252.3,,
"Dallas, TX",2018-09-30,actual,1251.79,,
"Dallas, TX",2018-10-31,actual,1256.57,,
"Dallas, TX",2018-11-30,actual,1260.67,,
"Dallas, TX",2018-12-31,actual,1268.12,,
"Dallas, TX",2019-01-31,actual,1267.99,,
"Dallas, TX",2019-02-28,actual,1268.95,,
"Dallas, TX",2019-03-31,actual,1271.59,,
"Dallas, TX",2019-04-30,actual,1276.82,,
"Dallas, TX",2019-05-31,actual,1278.23,,
"Dallas, TX",2019-06-30,actual,1280.34,,
"Dallas, TX",2019-07-31,actual,1282.15,,
"Dallas, TX",2019-08-31,actual,1286.81,,
"Dallas, TX",2019-09-30,actual,1291.99,,
"Dallas, TX",2019-10-31,actual,1293.17,,
"Dallas, TX",2019-11-30,actual,1293.88,,
"Dallas, TX",2019-12-31,actual,1293.65,,
"Dallas, TX",2020-01-31,actual,1295.34,,
"Dallas, TX",2020-02-29,actual,1297.31,,
"Dallas, TX",2020-03-31,actual,1297.85,,
"Dallas, TX",2020-04-30,actual,1293.08,,
"Dallas, TX",2020-05-31,actual,1283.98,,
"Dallas, TX",2020-06-30,actual,1273.78,,
"Dallas, TX",2020-07-31,actual,1267.79,,
"Dallas, TX",2020-08-31,actual,1266.24,,
"Dallas, TX",2020-09-30,actual,1268.61,,
"Dallas, TX",2020-10-31,actual,1273.13,,
"Dallas, TX",2020-11-30,actual,1277.5,,
"Dallas, TX",2020-12-31,actual,1284.95,,
"Dallas, TX",2021-01-31,actual,1294.1,,
"Dallas, TX",2021-02-28,actual,1304.09,,
"Dallas, TX",2021-03-31,actual,1312.21,,
"Dallas, TX",2021-04-30,actual,1326.35,,
"Dallas, TX",2021-05-31,actual,1344.95,,
"Dallas, TX",2021-06-30,actual,1368.37,,
"Dallas, TX",2021-07-31,actual,1392.99,,
"Dallas, TX",2021-08-31,actual,1420.41,,
"Dallas, TX",2021-09-30,actual,1446.0,,
"Dallas, TX",2021-10-31,actual,1467.42,,
"Dallas, TX",2021-11-30,actual,1487.08,,
"Dallas, TX",2021-12-31,actual,1504.97,,
"Dallas, TX",2022-01-31,actual,1519.47,,
"Dallas, TX",2022-02-28,actual,1530.55,,
"Dallas, TX",2022-03-31,actual,1539.74,,
"Dallas, TX",2022-04-30,actual,1553.94,,
"Dallas, TX",2022-05-31,actual,1568.77,,
"Dallas, TX",2022-06-30,actual,1586.14,,
"Dallas, TX",2022-07-31,actual,1596.65,,
"Dallas, TX",2022-08-31,actual,1598.81,,
"Dallas, TX",2022-09-30,actual,1596.19,,
"Dallas, TX",2022-10-31,actual,1588.46,,
"Dallas, TX",2022-11-30,actual,1584.79,,
"Dallas, TX",2022-12-31,actual,1581.66,,
"Dallas, TX",2023-01-31,actual,1582.57,,
"Dallas, TX",2023-02-28,actual,1583.95,,
"Dallas, TX",2023-03-31,actual,1588.79,,
"Dallas, TX",2023-04-30,actual,1585.1,,
"Dallas, TX",2023-05-31,actual,1581.75,,
"Dallas, TX",2023-06-30,actual,1572.6,,
"Dallas, TX",2023-07-31,actual,1570.19,,
"Dallas, TX",2023-08-31,actual,1566.55,,
"Dallas, TX",2023-09-30,actual,1565.14,,
"Dallas, TX",2023-10-31,actual,1565.1,,
"Dallas, TX",2023-11-30,actual,1564.38,,
"Dallas, TX",2023-12-31,actual,1561.34,,
"Dallas, TX",2024-01-31,actual,1557.97,,
"Dallas, TX",2024-02-29,actual,1552.82,,
"Dallas, TX",2024-03-31,actual,1547.75,,
"Dallas, TX",2024-04-30,actual,1543.76,,
"Dallas, TX",2024-05-31,actual,1542.14,,
"Dallas, TX",2024-06-30,actual,1541.48,,
"Dallas, TX",2024-07-31,actual,1539.61,,
"Dallas, TX",2024-08-31,actual,1538.16,,
"Dallas, TX",2024-09-30,actual,1536.74,,
"Dallas, TX",2024-10-31,actual,1537.71,,
"Dallas, TX",2024-11-30,actual,1536.14,,
"Dallas, TX",2024-12-31,actual,1535.17,,
"Dallas, TX",2025-01-31,actual,1533.5,,
"Dallas, TX",2025-02-28,actual,1533.77,,
"Dallas, TX",2025-03-31,actual,1534.65,,
"Dallas, TX",2025-04-30,actual,1535.45,,
"Dallas, TX",2025-05-31,actual,1533.75,,
"Dallas, TX",2025-06-30,actual,1533.06,,
"Dallas, TX",2025-07-31,actual,1531.22,,
"Dallas, TX",2025-08-31,actual,1530.82,,
"Dallas, TX",2025-09-30,actual,1530.05,,
"Dallas, TX",2025-10-31,actual,1527.66,,
"Dallas, TX",2025-11-30,actual,1526.54,,
"Dallas, TX",2025-12-31,actual,1525.74,,
"Dallas, TX",2026-01-31,actual,1524.73,,
"Dallas, TX",2026-02-28,actual,1522.86,,
"Dallas, TX",2026-03-31,actual,1519.72,,
"Dallas, TX",2026-04-30,actual,1517.41,,
"Dallas, TX",2026-05-31,forecast,1514.93,1508.85,1521.0
"Dallas, TX",2026-06-30,forecast,1512.48,1503.88,1521.07
"Dallas, TX",2026-07-31,forecast,1510.03,1499.5,1520.55
"Dallas, TX",2026-08-31,forecast,1507.58,1495.42,1519.73
"Dallas, TX",2026-09-30,forecast,1505.13,1491.54,1518.71
"Dallas, TX",2026-10-31,forecast,1502.68,1487.79,1517.56
"Dallas, TX",2026-11-30,forecast,1500.23,1484.15,1516.3
"Dallas, TX",2026-12-31,forecast,1497.78,1480.59,1514.96
"Dallas, TX",2027-01-31,forecast,1495.33,1477.1,1513.55
"Dallas, TX",2027-02-28,forecast,1492.88,1473.66,1512.09
"Dallas, TX",2027-03-31,forecast,1490.42,1470.27,1510.58
"Dallas, TX",2027-04-30,forecast,1487.97,1466.93,1509.02
"Los Angeles, CA",2015-01-31,actual,1658.34,,
"Los Angeles, CA",2015-02-28,actual,1669.1,,
"Los Angeles, CA",2015-03-31,actual,1681.39,,
"Los Angeles, CA",2015-04-30,actual,1695.41,,
"Los Angeles, CA",2015-05-31,actual,1707.59,,
"Los Angeles, CA",2015-06-30,actual,1717.84,,
"Los Angeles, CA",2015-07-31,actual,1726.77,,
"Los Angeles, CA",2015-08-31,actual,1739.63,,
"Los Angeles, CA",2015-09-30,actual,1752.24,,
"Los Angeles, CA",2015-10-31,actual,1762.92,,
"Los Angeles, CA",2015-11-30,actual,1776.33,,
"Los Angeles, CA",2015-12-31,actual,1788.79,,
"Los Angeles, CA",2016-01-31,actual,1802.42,,
"Los Angeles, CA",2016-02-29,actual,1810.2,,
"Los Angeles, CA",2016-03-31,actual,1816.0,,
"Los Angeles, CA",2016-04-30,actual,1823.1,,
"Los Angeles, CA",2016-05-31,actual,1830.09,,
"Los Angeles, CA",2016-06-30,actual,1840.24,,
"Los Angeles, CA",2016-07-31,actual,1850.79,,
"Los Angeles, CA",2016-08-31,actual,1859.48,,
"Los Angeles, CA",2016-09-30,actual,1869.8,,
"Los Angeles, CA",2016-10-31,actual,1882.28,,
"Los Angeles, CA",2016-11-30,actual,1896.56,,
"Los Angeles, CA",2016-12-31,actual,1908.56,,
"Los Angeles, CA",2017-01-31,actual,1919.58,,
"Los Angeles, CA",2017-02-28,actual,1930.3,,
"Los Angeles, CA",2017-03-31,actual,1947.2,,
"Los Angeles, CA",2017-04-30,actual,1958.55,,
"Los Angeles, CA",2017-05-31,actual,1969.17,,
"Los Angeles, CA",2017-06-30,actual,1976.68,,
"Los Angeles, CA",2017-07-31,actual,1984.38,,
"Los Angeles, CA",2017-08-31,actual,1990.6,,
"Los Angeles, CA",2017-09-30,actual,1996.96,,
"Los Angeles, CA",2017-10-31,actual,2001.61,,
"Los Angeles, CA",2017-11-30,actual,2008.43,,
"Los Angeles, CA",2017-12-31,actual,2015.56,,
"Los Angeles, CA",2018-01-31,actual,2026.22,,
"Los Angeles, CA",2018-02-28,actual,2038.54,,
"Los Angeles, CA",2018-03-31,actual,2042.87,,
"Los Angeles, CA",2018-04-30,actual,2047.86,,
"Los Angeles, CA",2018-05-31,actual,2052.82,,
"Los Angeles, CA",2018-06-30,actual,2062.21,,
"Los Angeles, CA",2018-07-31,actual,2071.65,,
"Los Angeles, CA",2018-08-31,actual,2082.16,,
"Los Angeles, CA",2018-09-30,actual,2089.75,,
"Los Angeles, CA",2018-10-31,actual,2096.99,,
"Los Angeles, CA",2018-11-30,actual,2101.01,,
"Los Angeles, CA",2018-12-31,actual,2107.47,,
"Los Angeles, CA",2019-01-31,actual,2110.9,,
"Los Angeles, CA",2019-02-28,actual,2116.47,,
"Los Angeles, CA",2019-03-31,actual,2122.77,,
"Los Angeles, CA",2019-04-30,actual,2130.83,,
"Los Angeles, CA",2019-05-31,actual,2139.05,,
"Los Angeles, CA",2019-06-30,actual,2144.38,,
"Los Angeles, CA",2019-07-31,actual,2149.12,,
"Los Angeles, CA",2019-08-31,actual,2153.66,,
"Los Angeles, CA",2019-09-30,actual,2159.64,,
"Los Angeles, CA",2019-10-31,actual,2165.98,,
"Los Angeles, CA",2019-11-30,actual,2172.96,,
"Los Angeles, CA",2019-12-31,actual,2178.1,,
"Los Angeles, CA",2020-01-31,actual,2183.73,,
"Los Angeles, CA",2020-02-29,actual,2186.81,,
"Los Angeles, CA",2020-03-31,actual,2177.91,,
"Los Angeles, CA",2020-04-30,actual,2165.4,,
"Los Angeles, CA",2020-05-31,actual,2153.2,,
"Los Angeles, CA",2020-06-30,actual,2138.04,,
"Los Angeles, CA",2020-07-31,actual,2126.11,,
"Los Angeles, CA",2020-08-31,actual,2113.12,,
"Los Angeles, CA",2020-09-30,actual,2106.63,,
"Los Angeles, CA",2020-10-31,actual,2107.92,,
"Los Angeles, CA",2020-11-30,actual,2112.0,,
"Los Angeles, CA",2020-12-31,actual,2116.08,,
"Los Angeles, CA",2021-01-31,actual,2124.57,,
"Los Angeles, CA",2021-02-28,actual,2134.76,,
"Los Angeles, CA",2021-03-31,actual,2146.4,,
"Los Angeles, CA",2021-04-30,actual,2158.92,,
"Los Angeles, CA",2021-05-31,actual,2177.33,,
"Los Angeles, CA",2021-06-30,actual,2207.02,,
"Los Angeles, CA",2021-07-31,actual,2244.06,,
"Los Angeles, CA",2021-08-31,actual,2286.83,,
"Los Angeles, CA",2021-09-30,actual,2324.68,,
"Los Angeles, CA",2021-10-31,actual,2355.01,,
"Los Angeles, CA",2021-11-30,actual,2377.8,,
"Los Angeles, CA",2021-12-31,actual,2401.92,,
"Los Angeles, CA",2022-01-31,actual,2421.81,,
"Los Angeles, CA",2022-02-28,actual,2443.7,,
"Los Angeles, CA",2022-03-31,actual,2462.26,,
"Los Angeles, CA",2022-04-30,actual,2489.05,,
"Los Angeles, CA",2022-05-31,actual,2510.72,,
"Los Angeles, CA",2022-06-30,actual,2528.14,,
"Los Angeles, CA",2022-07-31,actual,2535.73,,
"Los Angeles, CA",2022-08-31,actual,2540.68,,
"Los Angeles, CA",2022-09-30,actual,2542.68,,
"Los Angeles, CA",2022-10-31,actual,2541.75,,
"Los Angeles, CA",2022-11-30,actual,2546.25,,
"Los Angeles, CA",2022-12-31,actual,2547.98,,
"Los Angeles, CA",2023-01-31,actual,2549.48,,
"Los Angeles, CA",2023-02-28,actual,2549.8,,
"Los Angeles, CA",2023-03-31,actual,2556.15,,
"Los Angeles, CA",2023-04-30,actual,2559.49,,
"Los Angeles, CA",2023-05-31,actual,2561.99,,
"Los Angeles, CA",2023-06-30,actual,2560.11,,
"Los Angeles, CA",2023-07-31,actual,2563.34,,
"Los Angeles, CA",2023-08-31,actual,2565.54,,
"Los Angeles, CA",2023-09-30,actual,2567.52,,
"Los Angeles, CA",2023-10-31,actual,2570.76,,
"Los Angeles, CA",2023-11-30,actual,2570.59,,
"Los Angeles, CA",2023-12-31,actual,2573.41,,
"Los Angeles, CA",2024-01-31,actual,2576.34,,
"Los Angeles, CA",2024-02-29,actual,2579.92,,
"Los Angeles, CA",2024-03-31,actual,2582.73,,
"Los Angeles, CA",2024-04-30,actual,2583.81,,
"Los Angeles, CA",2024-05-31,actual,2589.06,,
"Los Angeles, CA",2024-06-30,actual,2593.58,,
"Los Angeles, CA",2024-07-31,actual,2599.09,,
"Los Angeles, CA",2024-08-31,actual,2601.55,,
"Los Angeles, CA",2024-09-30,actual,2606.59,,
"Los Angeles, CA",2024-10-31,actual,2609.67,,
"Los Angeles, CA",2024-11-30,actual,2615.35,,
"Los Angeles, CA",2024-12-31,actual,2619.02,,
"Los Angeles, CA",2025-01-31,actual,2626.07,,
"Los Angeles, CA",2025-02-28,actual,2634.23,,
"Los Angeles, CA",2025-03-31,actual,2639.58,,
"Los Angeles, CA",2025-04-30,actual,2640.73,,
"Los Angeles, CA",2025-05-31,actual,2641.77,,
"Los Angeles, CA",2025-06-30,actual,2645.39,,
"Los Angeles, CA",2025-07-31,actual,2647.01,,
"Los Angeles, CA",2025-08-31,actual,2651.24,,
"Los Angeles, CA",2025-09-30,actual,2653.76,,
"Los Angeles, CA",2025-10-31,actual,2657.35,,
"Los Angeles, CA",2025-11-30,actual,2659.09,,
"Los Angeles, CA",2025-12-31,actual,2660.76,,
"Los Angeles, CA",2026-01-31,actual,2659.32,,
"Los Angeles, CA",2026-02-28,actual,2656.32,,
"Los Angeles, CA",2026-03-31,actual,2654.16,,
"Los Angeles, CA",2026-04-30,actual,2655.82,,
"Los Angeles, CA",2026-05-31,forecast,2657.47,2651.76,2663.19
"Los Angeles, CA",2026-06-30,forecast,2659.13,2651.05,2667.21
"Los Angeles, CA",2026-07-31,forecast,2660.79,2650.89,2670.69
"Los Angeles, CA",2026-08-31,forecast,2662.44,2651.01,2673.87
"Los Angeles, CA",2026-09-30,forecast,2664.1,2651.32,2676.88
"Los Angeles, CA",2026-10-31,forecast,2665.75,2651.75,2679.76
"Los Angeles, CA",2026-11-30,forecast,2667.41,2652.29,2682.53
"Los Angeles, CA",2026-12-31,forecast,2669.06,2652.9,2685.23
"Los Angeles, CA",2027-01-31,forecast,2670.72,2653.57,2687.87
"Los Angeles, CA",2027-02-28,forecast,2672.38,2654.3,2690.45
"Los Angeles, CA",2027-03-31,forecast,2674.03,2655.07,2692.99
"Los Angeles, CA",2027-04-30,forecast,2675.69,2655.89,2695.49
"Miami, FL",2015-01-31,actual,1430.45,,
"Miami, FL",2015-02-28,actual,1437.27,,
"Miami, FL",2015-03-31,actual,1444.43,,
"Miami, FL",2015-04-30,actual,1449.87,,
"Miami, FL",2015-05-31,actual,1454.2,,
"Miami, FL",2015-06-30,actual,1457.18,,
"Miami, FL",2015-07-31,actual,1467.23,,
"Miami, FL",2015-08-31,actual,1480.51,,
"Miami, FL",2015-09-30,actual,1491.82,,
"Miami, FL",2015-10-31,actual,1494.72,,
"Miami, FL",2015-11-30,actual,1501.34,,
"Miami, FL",2015-12-31,actual,1501.69,,
"Miami, FL",2016-01-31,actual,1515.6,,
"Miami, FL",2016-02-29,actual,1521.08,,
"Miami, FL",2016-03-31,actual,1532.16,,
"Miami, FL",2016-04-30,actual,1536.72,,
"Miami, FL",2016-05-31,actual,1540.28,,
"Miami, FL",2016-06-30,actual,1544.11,,
"Miami, FL",2016-07-31,actual,1546.62,,
"Miami, FL",2016-08-31,actual,1546.79,,
"Miami, FL",2016-09-30,actual,1551.78,,
"Miami, FL",2016-10-31,actual,1552.5,,
"Miami, FL",2016-11-30,actual,1560.02,,
"Miami, FL",2016-12-31,actual,1562.42,,
"Miami, FL",2017-01-31,actual,1571.11,,
"Miami, FL",2017-02-28,actual,1576.12,,
"Miami, FL",2017-03-31,actual,1580.43,,
"Miami, FL",2017-04-30,actual,1584.68,,
"Miami, FL",2017-05-31,actual,1586.42,,
"Miami, FL",2017-06-30,actual,1591.62,,
"Miami, FL",2017-07-31,actual,1591.23,,
"Miami, FL",2017-08-31,actual,1599.62,,
"Miami, FL",2017-09-30,actual,1604.21,,
"Miami, FL",2017-10-31,actual,1611.67,,
"Miami, FL",2017-11-30,actual,1607.3,,
"Miami, FL",2017-12-31,actual,1612.04,,
"Miami, FL",2018-01-31,actual,1610.15,,
"Miami, FL",2018-02-28,actual,1617.19,,
"Miami, FL",2018-03-31,actual,1620.71,,
"Miami, FL",2018-04-30,actual,1630.34,,
"Miami, FL",2018-05-31,actual,1634.0,,
"Miami, FL",2018-06-30,actual,1642.26,,
"Miami, FL",2018-07-31,actual,1648.5,,
"Miami, FL",2018-08-31,actual,1654.19,,
"Miami, FL",2018-09-30,actual,1655.77,,
"Miami, FL",2018-10-31,actual,1661.2,,
"Miami, FL",2018-11-30,actual,1667.44,,
"Miami, FL",2018-12-31,actual,1672.73,,
"Miami, FL",2019-01-31,actual,1676.13,,
"Miami, FL",2019-02-28,actual,1678.44,,
"Miami, FL",2019-03-31,actual,1682.13,,
"Miami, FL",2019-04-30,actual,1682.7,,
"Miami, FL",2019-05-31,actual,1689.64,,
"Miami, FL",2019-06-30,actual,1691.46,,
"Miami, FL",2019-07-31,actual,1697.91,,
"Miami, FL",2019-08-31,actual,1700.97,,
"Miami, FL",2019-09-30,actual,1708.37,,
"Miami, FL",2019-10-31,actual,1712.68,,
"Miami, FL",2019-11-30,actual,1720.92,,
"Miami, FL",2019-12-31,actual,1726.87,,
"Miami, FL",2020-01-31,actual,1736.15,,
"Miami, FL",2020-02-29,actual,1743.19,,
"Miami, FL",2020-03-31,actual,1748.65,,
"Miami, FL",2020-04-30,actual,1746.3,,
"Miami, FL",2020-05-31,actual,1734.43,,
"Miami, FL",2020-06-30,actual,1723.71,,
"Miami, FL",2020-07-31,actual,1716.04,,
"Miami, FL",2020-08-31,actual,1715.96,,
"Miami, FL",2020-09-30,actual,1716.06,,
"Miami, FL",2020-10-31,actual,1722.47,,
"Miami, FL",2020-11-30,actual,1730.56,,
"Miami, FL",2020-12-31,actual,1742.65,,
"Miami, FL",2021-01-31,actual,1762.78,,
"Miami, FL",2021-02-28,actual,1785.26,,
"Miami, FL",2021-03-31,actual,1812.89,,
"Miami, FL",2021-04-30,actual,1842.48,,
"Miami, FL",2021-05-31,actual,1884.66,,
"Miami, FL",2021-06-30,actual,1934.42,,
"Miami, FL",2021-07-31,actual,1997.35,,
"Miami, FL",2021-08-31,actual,2059.9,,
"Miami, FL",2021-09-30,actual,2117.65,,
"Miami, FL",2021-10-31,actual,2161.04,,
"Miami, FL",2021-11-30,actual,2201.1,,
"Miami, FL",2021-12-31,actual,2240.84,,
"Miami, FL",2022-01-31,actual,2276.15,,
"Miami, FL",2022-02-28,actual,2305.7,,
"Miami, FL",2022-03-31,actual,2332.93,,
"Miami, FL",2022-04-30,actual,2366.77,,
"Miami, FL",2022-05-31,actual,2398.16,,
"Miami, FL",2022-06-30,actual,2422.14,,
"Miami, FL",2022-07-31,actual,2432.85,,
"Miami, FL",2022-08-31,actual,2430.49,,
"Miami, FL",2022-09-30,actual,2434.45,,
"Miami, FL",2022-10-31,actual,2435.64,,
"Miami, FL",2022-11-30,actual,2445.04,,
"Miami, FL",2022-12-31,actual,2450.08,,
"Miami, FL",2023-01-31,actual,2456.18,,
"Miami, FL",2023-02-28,actual,2463.95,,
"Miami, FL",2023-03-31,actual,2467.82,,
"Miami, FL",2023-04-30,actual,2469.19,,
"Miami, FL",2023-05-31,actual,2464.69,,
"Miami, FL",2023-06-30,actual,2460.13,,
"Miami, FL",2023-07-31,actual,2452.91,,
"Miami, FL",2023-08-31,actual,2456.6,,
"Miami, FL",2023-09-30,actual,2456.2,,
"Miami, FL",2023-10-31,actual,2464.64,,
"Miami, FL",2023-11-30,actual,2463.1,,
"Miami, FL",2023-12-31,actual,2465.05,,
"Miami, FL",2024-01-31,actual,2468.34,,
"Miami, FL",2024-02-29,actual,2474.21,,
"Miami, FL",2024-03-31,actual,2479.9,,
"Miami, FL",2024-04-30,actual,2483.32,,
"Miami, FL",2024-05-31,actual,2487.94,,
"Miami, FL",2024-06-30,actual,2491.58,,
"Miami, FL",2024-07-31,actual,2495.38,,
"Miami, FL",2024-08-31,actual,2496.69,,
"Miami, FL",2024-09-30,actual,2501.61,,
"Miami, FL",2024-10-31,actual,2505.53,,
"Miami, FL",2024-11-30,actual,2508.1,,
"Miami, FL",2024-12-31,actual,2511.48,,
"Miami, FL",2025-01-31,actual,2513.04,,
"Miami, FL",2025-02-28,actual,2515.41,,
"Miami, FL",2025-03-31,actual,2514.56,,
"Miami, FL",2025-04-30,actual,2515.6,,
"Miami, FL",2025-05-31,actual,2517.79,,
"Miami, FL",2025-06-30,actual,2521.08,,
"Miami, FL",2025-07-31,actual,2526.82,,
"Miami, FL",2025-08-31,actual,2531.0,,
"Miami, FL",2025-09-30,actual,2532.42,,
"Miami, FL",2025-10-31,actual,2530.54,,
"Miami, FL",2025-11-30,actual,2532.19,,
"Miami, FL",2025-12-31,actual,2531.77,,
"Miami, FL",2026-01-31,actual,2531.48,,
"Miami, FL",2026-02-28,actual,2528.66,,
"Miami, FL",2026-03-31,actual,2528.67,,
"Miami, FL",2026-04-30,actual,2528.12,,
"Miami, FL",2026-05-31,forecast,2527.71,2519.33,2536.09
"Miami, FL",2026-06-30,forecast,2527.29,2515.44,2539.15
"Miami, FL",2026-07-31,forecast,2526.88,2512.36,2541.4
"Miami, FL",2026-08-31,forecast,2526.47,2509.7,2543.23
"Miami, FL",2026-09-30,forecast,2526.05,2507.31,2544.79
"Miami, FL",2026-10-31,forecast,2525.64,2505.11,2546.17
"Miami, FL",2026-11-30,forecast,2525.22,2503.05,2547.4
"Miami, FL",2026-12-31,forecast,2524.81,2501.1,2548.52
"Miami, FL",2027-01-31,forecast,2524.4,2499.25,2549.54
"Miami, FL",2027-02-28,forecast,2523.98,2497.48,2550.49
"Miami, FL",2027-03-31,forecast,2523.57,2495.77,2551.37
"Miami, FL",2027-04-30,forecast,2523.15,2494.12,2552.19
"Nashville, TN",2015-01-31,actual,1104.41,,
"Nashville, TN",2015-02-28,actual,1106.77,,
"Nashville, TN",2015-03-31,actual,1110.13,,
"Nashville, TN",2015-04-30,actual,1122.86,,
"Nashville, TN",2015-05-31,actual,1126.69,,
"Nashville, TN",2015-06-30,actual,1139.39,,
"Nashville, TN",2015-07-31,actual,1157.26,,
"Nashville, TN",2015-08-31,actual,1160.13,,
"Nashville, TN",2015-09-30,actual,1175.71,,
"Nashville, TN",2015-10-31,actual,1188.91,,
"Nashville, TN",2015-11-30,actual,1197.19,,
"Nashville, TN",2015-12-31,actual,1196.86,,
"Nashville, TN",2016-01-31,actual,1210.3,,
"Nashville, TN",2016-02-29,actual,1205.16,,
"Nashville, TN",2016-03-31,actual,1215.06,,
"Nashville, TN",2016-04-30,actual,1206.11,,
"Nashville, TN",2016-05-31,actual,1229.53,,
"Nashville, TN",2016-06-30,actual,1230.32,,
"Nashville, TN",2016-07-31,actual,1231.97,,
"Nashville, TN",2016-08-31,actual,1239.21,,
"Nashville, TN",2016-09-30,actual,1251.99,,
"Nashville, TN",2016-10-31,actual,1261.58,,
"Nashville, TN",2016-11-30,actual,1267.78,,
"Nashville, TN",2016-12-31,actual,1277.88,,
"Nashville, TN",2017-01-31,actual,1285.98,,
"Nashville, TN",2017-02-28,actual,1304.24,,
"Nashville, TN",2017-03-31,actual,1317.74,,
"Nashville, TN",2017-04-30,actual,1334.78,,
"Nashville, TN",2017-05-31,actual,1322.19,,
"Nashville, TN",2017-06-30,actual,1310.35,,
"Nashville, TN",2017-07-31,actual,1303.15,,
"Nashville, TN",2017-08-31,actual,1313.96,,
"Nashville, TN",2017-09-30,actual,1321.72,,
"Nashville, TN",2017-10-31,actual,1312.58,,
"Nashville, TN",2017-11-30,actual,1310.7,,
"Nashville, TN",2017-12-31,actual,1314.57,,
"Nashville, TN",2018-01-31,actual,1328.95,,
"Nashville, TN",2018-02-28,actual,1329.16,,
"Nashville, TN",2018-03-31,actual,1312.62,,
"Nashville, TN",2018-04-30,actual,1305.7,,
"Nashville, TN",2018-05-31,actual,1305.35,,
"Nashville, TN",2018-06-30,actual,1323.97,,
"Nashville, TN",2018-07-31,actual,1329.25,,
"Nashville, TN",2018-08-31,actual,1333.38,,
"Nashville, TN",2018-09-30,actual,1328.32,,
"Nashville, TN",2018-10-31,actual,1343.59,,
"Nashville, TN",2018-11-30,actual,1345.97,,
"Nashville, TN",2018-12-31,actual,1347.78,,
"Nashville, TN",2019-01-31,actual,1333.91,,
"Nashville, TN",2019-02-28,actual,1338.09,,
"Nashville, TN",2019-03-31,actual,1351.4,,
"Nashville, TN",2019-04-30,actual,1359.46,,
"Nashville, TN",2019-05-31,actual,1370.05,,
"Nashville, TN",2019-06-30,actual,1370.04,,
"Nashville, TN",2019-07-31,actual,1378.11,,
"Nashville, TN",2019-08-31,actual,1377.67,,
"Nashville, TN",2019-09-30,actual,1384.47,,
"Nashville, TN",2019-10-31,actual,1384.8,,
"Nashville, TN",2019-11-30,actual,1392.95,,
"Nashville, TN",2019-12-31,actual,1398.57,,
"Nashville, TN",2020-01-31,actual,1411.52,,
"Nashville, TN",2020-02-29,actual,1416.24,,
"Nashville, TN",2020-03-31,actual,1407.12,,
"Nashville, TN",2020-04-30,actual,1402.47,,
"Nashville, TN",2020-05-31,actual,1390.8,,
"Nashville, TN",2020-06-30,actual,1381.97,,
"Nashville, TN",2020-07-31,actual,1369.16,,
"Nashville, TN",2020-08-31,actual,1367.02,,
"Nashville, TN",2020-09-30,actual,1362.28,,
"Nashville, TN",2020-10-31,actual,1366.47,,
"Nashville, TN",2020-11-30,actual,1366.91,,
"Nashville, TN",2020-12-31,actual,1371.55,,
"Nashville, TN",2021-01-31,actual,1376.66,,
"Nashville, TN",2021-02-28,actual,1387.83,,
"Nashville, TN",2021-03-31,actual,1398.92,,
"Nashville, TN",2021-04-30,actual,1417.31,,
"Nashville, TN",2021-05-31,actual,1440.32,,
"Nashville, TN",2021-06-30,actual,1467.76,,
"Nashville, TN",2021-07-31,actual,1502.42,,
"Nashville, TN",2021-08-31,actual,1540.97,,
"Nashville, TN",2021-09-30,actual,1581.98,,
"Nashville, TN",2021-10-31,actual,1611.17,,
"Nashville, TN",2021-11-30,actual,1629.21,,
"Nashville, TN",2021-12-31,actual,1648.2,,
"Nashville, TN",2022-01-31,actual,1659.04,,
"Nashville, TN",2022-02-28,actual,1674.64,,
"Nashville, TN",2022-03-31,actual,1683.27,,
"Nashville, TN",2022-04-30,actual,1695.32,,
"Nashville, TN",2022-05-31,actual,1706.02,,
"Nashville, TN",2022-06-30,actual,1721.04,,
"Nashville, TN",2022-07-31,actual,1730.7,,
"Nashville, TN",2022-08-31,actual,1727.33,,
"Nashville, TN",2022-09-30,actual,1717.92,,
"Nashville, TN",2022-10-31,actual,1709.81,,
"Nashville, TN",2022-11-30,actual,1713.77,,
"Nashville, TN",2022-12-31,actual,1714.59,,
"Nashville, TN",2023-01-31,actual,1721.22,,
"Nashville, TN",2023-02-28,actual,1720.84,,
"Nashville, TN",2023-03-31,actual,1724.39,,
"Nashville, TN",2023-04-30,actual,1719.66,,
"Nashville, TN",2023-05-31,actual,1715.04,,
"Nashville, TN",2023-06-30,actual,1704.91,,
"Nashville, TN",2023-07-31,actual,1695.83,,
"Nashville, TN",2023-08-31,actual,1689.18,,
"Nashville, TN",2023-09-30,actual,1686.88,,
"Nashville, TN",2023-10-31,actual,1687.86,,
"Nashville, TN",2023-11-30,actual,1685.38,,
"Nashville, TN",2023-12-31,actual,1680.7,,
"Nashville, TN",2024-01-31,actual,1679.99,,
"Nashville, TN",2024-02-29,actual,1678.89,,
"Nashville, TN",2024-03-31,actual,1681.24,,
"Nashville, TN",2024-04-30,actual,1681.03,,
"Nashville, TN",2024-05-31,actual,1686.79,,
"Nashville, TN",2024-06-30,actual,1689.16,,
"Nashville, TN",2024-07-31,actual,1686.76,,
"Nashville, TN",2024-08-31,actual,1683.86,,
"Nashville, TN",2024-09-30,actual,1679.59,,
"Nashville, TN",2024-10-31,actual,1675.61,,
"Nashville, TN",2024-11-30,actual,1674.56,,
"Nashville, TN",2024-12-31,actual,1675.85,,
"Nashville, TN",2025-01-31,actual,1675.33,,
"Nashville, TN",2025-02-28,actual,1677.56,,
"Nashville, TN",2025-03-31,actual,1676.58,,
"Nashville, TN",2025-04-30,actual,1674.66,,
"Nashville, TN",2025-05-31,actual,1669.68,,
"Nashville, TN",2025-06-30,actual,1668.24,,
"Nashville, TN",2025-07-31,actual,1670.02,,
"Nashville, TN",2025-08-31,actual,1672.82,,
"Nashville, TN",2025-09-30,actual,1675.09,,
"Nashville, TN",2025-10-31,actual,1675.19,,
"Nashville, TN",2025-11-30,actual,1672.14,,
"Nashville, TN",2025-12-31,actual,1668.41,,
"Nashville, TN",2026-01-31,actual,1662.85,,
"Nashville, TN",2026-02-28,actual,1656.26,,
"Nashville, TN",2026-03-31,actual,1649.57,,
"Nashville, TN",2026-04-30,actual,1645.79,,
"Nashville, TN",2026-05-31,forecast,1640.91,1627.7,1654.12
"Nashville, TN",2026-06-30,forecast,1636.03,1617.35,1654.71
"Nashville, TN",2026-07-31,forecast,1631.15,1608.27,1654.02
"Nashville, TN",2026-08-31,forecast,1626.27,1599.85,1652.68
"Nashville, TN",2026-09-30,forecast,1621.38,1591.85,1650.92
"Nashville, TN",2026-10-31,forecast,1616.5,1584.15,1648.86
"Nashville, TN",2026-11-30,forecast,1611.62,1576.68,1646.57
"Nashville, TN",2026-12-31,forecast,1606.74,1569.38,1644.1
"Nashville, TN",2027-01-31,forecast,1601.86,1562.24,1641.49
"Nashville, TN",2027-02-28,forecast,1596.98,1555.21,1638.75
"Nashville, TN",2027-03-31,forecast,1592.1,1548.29,1635.91
"Nashville, TN",2027-04-30,forecast,1587.22,1541.46,1632.97
"New York, NY",2015-01-31,actual,2216.99,,
"New York, NY",2015-02-28,actual,2231.5,,
"New York, NY",2015-03-31,actual,2244.26,,
"New York, NY",2015-04-30,actual,2255.34,,
"New York, NY",2015-05-31,actual,2262.09,,
"New York, NY",2015-06-30,actual,2267.59,,
"New York, NY",2015-07-31,actual,2272.13,,
"New York, NY",2015-08-31,actual,2278.94,,
"New York, NY",2015-09-30,actual,2286.11,,
"New York, NY",2015-10-31,actual,2294.8,,
"New York, NY",2015-11-30,actual,2298.77,,
"New York, NY",2015-12-31,actual,2302.95,,
"New York, NY",2016-01-31,actual,2305.45,,
"New York, NY",2016-02-29,actual,2309.23,,
"New York, NY",2016-03-31,actual,2312.11,,
"New York, NY",2016-04-30,actual,2314.0,,
"New York, NY",2016-05-31,actual,2316.55,,
"New York, NY",2016-06-30,actual,2319.62,,
"New York, NY",2016-07-31,actual,2325.67,,
"New York, NY",2016-08-31,actual,2329.84,,
"New York, NY",2016-09-30,actual,2335.63,,
"New York, NY",2016-10-31,actual,2340.36,,
"New York, NY",2016-11-30,actual,2348.73,,
"New York, NY",2016-12-31,actual,2350.94,,
"New York, NY",2017-01-31,actual,2352.19,,
"New York, NY",2017-02-28,actual,2351.07,,
"New York, NY",2017-03-31,actual,2353.02,,
"New York, NY",2017-04-30,actual,2355.1,,
"New York, NY",2017-05-31,actual,2359.54,,
"New York, NY",2017-06-30,actual,2362.68,,
"New York, NY",2017-07-31,actual,2365.89,,
"New York, NY",2017-08-31,actual,2366.5,,
"New York, NY",2017-09-30,actual,2366.36,,
"New York, NY",2017-10-31,actual,2364.07,,
"New York, NY",2017-11-30,actual,2364.54,,
"New York, NY",2017-12-31,actual,2369.09,,
"New York, NY",2018-01-31,actual,2375.96,,
"New York, NY",2018-02-28,actual,2380.86,,
"New York, NY",2018-03-31,actual,2386.46,,
"New York, NY",2018-04-30,actual,2392.95,,
"New York, NY",2018-05-31,actual,2398.74,,
"New York, NY",2018-06-30,actual,2402.68,,
"New York, NY",2018-07-31,actual,2407.25,,
"New York, NY",2018-08-31,actual,2413.64,,
"New York, NY",2018-09-30,actual,2420.03,,
"New York, NY",2018-10-31,actual,2426.15,,
"New York, NY",2018-11-30,actual,2433.09,,
"New York, NY",2018-12-31,actual,2438.91,,
"New York, NY",2019-01-31,actual,2445.06,,
"New York, NY",2019-02-28,actual,2451.95,,
"New York, NY",2019-03-31,actual,2458.02,,
"New York, NY",2019-04-30,actual,2463.9,,
"New York, NY",2019-05-31,actual,2469.5,,
"New York, NY",2019-06-30,actual,2477.38,,
"New York, NY",2019-07-31,actual,2484.53,,
"New York, NY",2019-08-31,actual,2492.17,,
"New York, NY",2019-09-30,actual,2500.18,,
"New York, NY",2019-10-31,actual,2509.93,,
"New York, NY",2019-11-30,actual,2517.49,,
"New York, NY",2019-12-31,actual,2525.51,,
"New York, NY",2020-01-31,actual,2532.75,,
"New York, NY",2020-02-29,actual,2541.27,,
"New York, NY",2020-03-31,actual,2530.48,,
"New York, NY",2020-04-30,actual,2510.41,,
"New York, NY",2020-05-31,actual,2478.95,,
"New York, NY",2020-06-30,actual,2439.55,,
"New York, NY",2020-07-31,actual,2401.91,,
"New York, NY",2020-08-31,actual,2354.18,,
"New York, NY",2020-09-30,actual,2312.24,,
"New York, NY",2020-10-31,actual,2284.38,,
"New York, NY",2020-11-30,actual,2269.64,,
"New York, NY",2020-12-31,actual,2268.33,,
"New York, NY",2021-01-31,actual,2272.46,,
"New York, NY",2021-02-28,actual,2282.95,,
"New York, NY",2021-03-31,actual,2294.97,,
"New York, NY",2021-04-30,actual,2314.28,,
"New York, NY",2021-05-31,actual,2344.03,,
"New York, NY",2021-06-30,actual,2382.6,,
"New York, NY",2021-07-31,actual,2430.36,,
"New York, NY",2021-08-31,actual,2488.22,,
"New York, NY",2021-09-30,actual,2548.04,,
"New York, NY",2021-10-31,actual,2600.63,,
"New York, NY",2021-11-30,actual,2648.98,,
"New York, NY",2021-12-31,actual,2686.62,,
"New York, NY",2022-01-31,actual,2719.73,,
"New York, NY",2022-02-28,actual,2744.79,,
"New York, NY",2022-03-31,actual,2771.21,,
"New York, NY",2022-04-30,actual,2797.44,,
"New York, NY",2022-05-31,actual,2827.16,,
"New York, NY",2022-06-30,actual,2859.18,,
"New York, NY",2022-07-31,actual,2888.13,,
"New York, NY",2022-08-31,actual,2910.02,,
"New York, NY",2022-09-30,actual,2923.81,,
"New York, NY",2022-10-31,actual,2932.45,,
"New York, NY",2022-11-30,actual,2935.21,,
"New York, NY",2022-12-31,actual,2940.33,,
"New York, NY",2023-01-31,actual,2946.57,,
"New York, NY",2023-02-28,actual,2956.08,,
"New York, NY",2023-03-31,actual,2967.51,,
"New York, NY",2023-04-30,actual,2982.54,,
"New York, NY",2023-05-31,actual,2997.05,,
"New York, NY",2023-06-30,actual,3005.02,,
"New York, NY",2023-07-31,actual,3008.62,,
"New York, NY",2023-08-31,actual,3014.18,,
"New York, NY",2023-09-30,actual,3024.47,,
"New York, NY",2023-10-31,actual,3034.18,,
"New York, NY",2023-11-30,actual,3042.18,,
"New York, NY",2023-12-31,actual,3050.86,,
"New York, NY",2024-01-31,actual,3062.91,,
"New York, NY",2024-02-29,actual,3076.27,,
"New York, NY",2024-03-31,actual,3088.22,,
"New York, NY",2024-04-30,actual,3099.16,,
"New York, NY",2024-05-31,actual,3110.47,,
"New York, NY",2024-06-30,actual,3119.01,,
"New York, NY",2024-07-31,actual,3120.87,,
"New York, NY",2024-08-31,actual,3121.77,,
"New York, NY",2024-09-30,actual,3125.97,,
"New York, NY",2024-10-31,actual,3136.22,,
"New York, NY",2024-11-30,actual,3156.38,,
"New York, NY",2024-12-31,actual,3171.98,,
"New York, NY",2025-01-31,actual,3190.63,,
"New York, NY",2025-02-28,actual,3201.16,,
"New York, NY",2025-03-31,actual,3213.84,,
"New York, NY",2025-04-30,actual,3222.2,,
"New York, NY",2025-05-31,actual,3230.5,,
"New York, NY",2025-06-30,actual,3242.62,,
"New York, NY",2025-07-31,actual,3261.87,,
"New York, NY",2025-08-31,actual,3281.45,,
"New York, NY",2025-09-30,actual,3297.13,,
"New York, NY",2025-10-31,actual,3309.02,,
"New York, NY",2025-11-30,actual,3314.67,,
"New York, NY",2025-12-31,actual,3322.81,,
"New York, NY",2026-01-31,actual,3326.16,,
"New York, NY",2026-02-28,actual,3334.21,,
"New York, NY",2026-03-31,actual,3340.34,,
"New York, NY",2026-04-30,actual,3349.12,,
"New York, NY",2026-05-31,forecast,3357.89,3349.88,3365.91
"New York, NY",2026-06-30,forecast,3366.67,3355.33,3378.0
"New York, NY",2026-07-31,forecast,3375.44,3361.56,3389.32
"New York, NY",2026-08-31,forecast,3384.22,3368.18,3400.25
"New York, NY",2026-09-30,forecast,3392.99,3375.07,3410.91
"New York, NY",2026-10-31,forecast,3401.76,3382.13,3421.4
"New York, NY",2026-11-30,forecast,3410.54,3389.33,3431.75
"New York, NY",2026-12-31,forecast,3419.31,3396.64,3441.99
"New York, NY",2027-01-31,forecast,3428.09,3404.04,3452.14
"New York, NY",2027-02-28,forecast,3436.86,3411.51,3462.21
"New York, NY",2027-03-31,forecast,3445.64,3419.05,3472.22
"New York, NY",2027-04-30,forecast,3454.41,3426.64,3482.18
"Phoenix, AZ",2015-01-31,actual,848.17,,
"Phoenix, AZ",2015-02-28,actual,863.86,,
"Phoenix, AZ",2015-03-31,actual,869.02,,
"Phoenix, AZ",2015-04-30,actual,881.67,,
"Phoenix, AZ",2015-05-31,actual,885.09,,
"Phoenix, AZ",2015-06-30,actual,890.9,,
"Phoenix, AZ",2015-07-31,actual,892.55,,
"Phoenix, AZ",2015-08-31,actual,890.3,,
"Phoenix, AZ",2015-09-30,actual,893.57,,
"Phoenix, AZ",2015-10-31,actual,903.99,,
"Phoenix, AZ",2015-11-30,actual,913.51,,
"Phoenix, AZ",2015-12-31,actual,919.81,,
"Phoenix, AZ",2016-01-31,actual,932.53,,
"Phoenix, AZ",2016-02-29,actual,932.39,,
"Phoenix, AZ",2016-03-31,actual,937.03,,
"Phoenix, AZ",2016-04-30,actual,934.92,,
"Phoenix, AZ",2016-05-31,actual,944.28,,
"Phoenix, AZ",2016-06-30,actual,954.5,,
"Phoenix, AZ",2016-07-31,actual,963.08,,
"Phoenix, AZ",2016-08-31,actual,972.44,,
"Phoenix, AZ",2016-09-30,actual,977.59,,
"Phoenix, AZ",2016-10-31,actual,980.02,,
"Phoenix, AZ",2016-11-30,actual,986.69,,
"Phoenix, AZ",2016-12-31,actual,990.58,,
"Phoenix, AZ",2017-01-31,actual,997.18,,
"Phoenix, AZ",2017-02-28,actual,1001.6,,
"Phoenix, AZ",2017-03-31,actual,1007.64,,
"Phoenix, AZ",2017-04-30,actual,1011.65,,
"Phoenix, AZ",2017-05-31,actual,1018.3,,
"Phoenix, AZ",2017-06-30,actual,1021.26,,
"Phoenix, AZ",2017-07-31,actual,1027.94,,
"Phoenix, AZ",2017-08-31,actual,1031.62,,
"Phoenix, AZ",2017-09-30,actual,1041.59,,
"Phoenix, AZ",2017-10-31,actual,1046.33,,
"Phoenix, AZ",2017-11-30,actual,1051.57,,
"Phoenix, AZ",2017-12-31,actual,1055.28,,
"Phoenix, AZ",2018-01-31,actual,1057.18,,
"Phoenix, AZ",2018-02-28,actual,1063.52,,
"Phoenix, AZ",2018-03-31,actual,1072.46,,
"Phoenix, AZ",2018-04-30,actual,1085.71,,
"Phoenix, AZ",2018-05-31,actual,1092.35,,
"Phoenix, AZ",2018-06-30,actual,1098.68,,
"Phoenix, AZ",2018-07-31,actual,1105.07,,
"Phoenix, AZ",2018-08-31,actual,1115.54,,
"Phoenix, AZ",2018-09-30,actual,1122.21,,
"Phoenix, AZ",2018-10-31,actual,1132.02,,
"Phoenix, AZ",2018-11-30,actual,1139.16,,
"Phoenix, AZ",2018-12-31,actual,1146.66,,
"Phoenix, AZ",2019-01-31,actual,1152.01,,
"Phoenix, AZ",2019-02-28,actual,1159.52,,
"Phoenix, AZ",2019-03-31,actual,1164.73,,
"Phoenix, AZ",2019-04-30,actual,1169.19,,
"Phoenix, AZ",2019-05-31,actual,1175.56,,
"Phoenix, AZ",2019-06-30,actual,1184.23,,
"Phoenix, AZ",2019-07-31,actual,1191.72,,
"Phoenix, AZ",2019-08-31,actual,1197.9,,
"Phoenix, AZ",2019-09-30,actual,1204.94,,
"Phoenix, AZ",2019-10-31,actual,1213.0,,
"Phoenix, AZ",2019-11-30,actual,1222.29,,
"Phoenix, AZ",2019-12-31,actual,1233.24,,
"Phoenix, AZ",2020-01-31,actual,1246.46,,
"Phoenix, AZ",2020-02-29,actual,1257.0,,
"Phoenix, AZ",2020-03-31,actual,1254.94,,
"Phoenix, AZ",2020-04-30,actual,1250.01,,
"Phoenix, AZ",2020-05-31,actual,1240.37,,
"Phoenix, AZ",2020-06-30,actual,1233.72,,
"Phoenix, AZ",2020-07-31,actual,1235.18,,
"Phoenix, AZ",2020-08-31,actual,1241.79,,
"Phoenix, AZ",2020-09-30,actual,1252.23,,
"Phoenix, AZ",2020-10-31,actual,1263.51,,
"Phoenix, AZ",2020-11-30,actual,1277.25,,
"Phoenix, AZ",2020-12-31,actual,1288.06,,
"Phoenix, AZ",2021-01-31,actual,1304.64,,
"Phoenix, AZ",2021-02-28,actual,1318.86,,
"Phoenix, AZ",2021-03-31,actual,1339.81,,
"Phoenix, AZ",2021-04-30,actual,1367.37,,
"Phoenix, AZ",2021-05-31,actual,1405.48,,
"Phoenix, AZ",2021-06-30,actual,1449.04,,
"Phoenix, AZ",2021-07-31,actual,1493.68,,
"Phoenix, AZ",2021-08-31,actual,1536.93,,
"Phoenix, AZ",2021-09-30,actual,1569.35,,
"Phoenix, AZ",2021-10-31,actual,1595.63,,
"Phoenix, AZ",2021-11-30,actual,1611.08,,
"Phoenix, AZ",2021-12-31,actual,1629.22,,
"Phoenix, AZ",2022-01-31,actual,1639.3,,
"Phoenix, AZ",2022-02-28,actual,1649.62,,
"Phoenix, AZ",2022-03-31,actual,1655.97,,
"Phoenix, AZ",2022-04-30,actual,1662.98,,
"Phoenix, AZ",2022-05-31,actual,1665.63,,
"Phoenix, AZ",2022-06-30,actual,1663.51,,
"Phoenix, AZ",2022-07-31,actual,1656.73,,
"Phoenix, AZ",2022-08-31,actual,1646.96,,
"Phoenix, AZ",2022-09-30,actual,1640.36,,
"Phoenix, AZ",2022-10-31,actual,1633.24,,
"Phoenix, AZ",2022-11-30,actual,1632.51,,
"Phoenix, AZ",2022-12-31,actual,1631.1,,
"Phoenix, AZ",2023-01-31,actual,1629.28,,
"Phoenix, AZ",2023-02-28,actual,1625.37,,
"Phoenix, AZ",2023-03-31,actual,1625.71,,
"Phoenix, AZ",2023-04-30,actual,1622.66,,
"Phoenix, AZ",2023-05-31,actual,1619.63,,
"Phoenix, AZ",2023-06-30,actual,1611.14,,
"Phoenix, AZ",2023-07-31,actual,1606.87,,
"Phoenix, AZ",2023-08-31,actual,1602.15,,
"Phoenix, AZ",2023-09-30,actual,1600.13,,
"Phoenix, AZ",2023-10-31,actual,1598.35,,
"Phoenix, AZ",2023-11-30,actual,1596.57,,
"Phoenix, AZ",2023-12-31,actual,1592.16,,
"Phoenix, AZ",2024-01-31,actual,1590.22,,
"Phoenix, AZ",2024-02-29,actual,1591.71,,
"Phoenix, AZ",2024-03-31,actual,1591.07,,
"Phoenix, AZ",2024-04-30,actual,1592.03,,
"Phoenix, AZ",2024-05-31,actual,1591.08,,
"Phoenix, AZ",2024-06-30,actual,1591.86,,
"Phoenix, AZ",2024-07-31,actual,1588.65,,
"Phoenix, AZ",2024-08-31,actual,1586.21,,
"Phoenix, AZ",2024-09-30,actual,1582.65,,
"Phoenix, AZ",2024-10-31,actual,1579.35,,
"Phoenix, AZ",2024-11-30,actual,1574.83,,
"Phoenix, AZ",2024-12-31,actual,1571.19,,
"Phoenix, AZ",2025-01-31,actual,1570.0,,
"Phoenix, AZ",2025-02-28,actual,1569.01,,
"Phoenix, AZ",2025-03-31,actual,1566.61,,
"Phoenix, AZ",2025-04-30,actual,1559.87,,
"Phoenix, AZ",2025-05-31,actual,1556.26,,
"Phoenix, AZ",2025-06-30,actual,1554.09,,
"Phoenix, AZ",2025-07-31,actual,1553.42,,
"Phoenix, AZ",2025-08-31,actual,1552.6,,
"Phoenix, AZ",2025-09-30,actual,1550.76,,
"Phoenix, AZ",2025-10-31,actual,1548.49,,
"Phoenix, AZ",2025-11-30,actual,1545.93,,
"Phoenix, AZ",2025-12-31,actual,1543.65,,
"Phoenix, AZ",2026-01-31,actual,1538.51,,
"Phoenix, AZ",2026-02-28,actual,1531.89,,
"Phoenix, AZ",2026-03-31,actual,1526.5,,
"Phoenix, AZ",2026-04-30,actual,1524.05,,
"Phoenix, AZ",2026-05-31,forecast,1521.27,1514.36,1528.19
"Phoenix, AZ",2026-06-30,forecast,1518.62,1508.84,1528.4
"Phoenix, AZ",2026-07-31,forecast,1515.97,1504.0,1527.95
"Phoenix, AZ",2026-08-31,forecast,1513.32,1499.49,1527.15
"Phoenix, AZ",2026-09-30,forecast,1510.67,1495.21,1526.13
"Phoenix, AZ",2026-10-31,forecast,1508.02,1491.08,1524.96
"Phoenix, AZ",2026-11-30,forecast,1505.37,1487.08,1523.66
"Phoenix, AZ",2026-12-31,forecast,1502.72,1483.16,1522.28
"Phoenix, AZ",2027-01-31,forecast,1500.07,1479.33,1520.81
"Phoenix, AZ",2027-02-28,forecast,1497.42,1475.56,1519.28
"Phoenix, AZ",2027-03-31,forecast,1494.77,1471.84,1517.7
"Phoenix, AZ",2027-04-30,forecast,1492.12,1468.17,1516.07
"Seattle, WA",2015-01-31,actual,1331.37,,
"Seattle, WA",2015-02-28,actual,1335.35,,
"Seattle, WA",2015-03-31,actual,1348.93,,
"Seattle, WA",2015-04-30,actual,1352.22,,
"Seattle, WA",2015-05-31,actual,1353.73,,
"Seattle, WA",2015-06-30,actual,1360.7,,
"Seattle, WA",2015-07-31,actual,1373.1,,
"Seattle, WA",2015-08-31,actual,1389.81,,
"Seattle, WA",2015-09-30,actual,1403.51,,
"Seattle, WA",2015-10-31,actual,1415.62,,
"Seattle, WA",2015-11-30,actual,1409.63,,
"Seattle, WA",2015-12-31,actual,1413.07,,
"Seattle, WA",2016-01-31,actual,1418.99,,
"Seattle, WA",2016-02-29,actual,1439.16,,
"Seattle, WA",2016-03-31,actual,1443.79,,
"Seattle, WA",2016-04-30,actual,1453.76,,
"Seattle, WA",2016-05-31,actual,1472.04,,
"Seattle, WA",2016-06-30,actual,1485.27,,
"Seattle, WA",2016-07-31,actual,1498.38,,
"Seattle, WA",2016-08-31,actual,1498.05,,
"Seattle, WA",2016-09-30,actual,1508.18,,
"Seattle, WA",2016-10-31,actual,1519.18,,
"Seattle, WA",2016-11-30,actual,1537.47,,
"Seattle, WA",2016-12-31,actual,1551.91,,
"Seattle, WA",2017-01-31,actual,1559.33,,
"Seattle, WA",2017-02-28,actual,1569.34,,
"Seattle, WA",2017-03-31,actual,1585.57,,
"Seattle, WA",2017-04-30,actual,1597.51,,
"Seattle, WA",2017-05-31,actual,1607.03,,
"Seattle, WA",2017-06-30,actual,1612.12,,
"Seattle, WA",2017-07-31,actual,1615.72,,
"Seattle, WA",2017-08-31,actual,1619.47,,
"Seattle, WA",2017-09-30,actual,1621.24,,
"Seattle, WA",2017-10-31,actual,1623.24,,
"Seattle, WA",2017-11-30,actual,1624.86,,
"Seattle, WA",2017-12-31,actual,1625.45,,
"Seattle, WA",2018-01-31,actual,1631.08,,
"Seattle, WA",2018-02-28,actual,1634.24,,
"Seattle, WA",2018-03-31,actual,1636.62,,
"Seattle, WA",2018-04-30,actual,1640.7,,
"Seattle, WA",2018-05-31,actual,1645.68,,
"Seattle, WA",2018-06-30,actual,1652.83,,
"Seattle, WA",2018-07-31,actual,1656.77,,
"Seattle, WA",2018-08-31,actual,1662.16,,
"Seattle, WA",2018-09-30,actual,1665.81,,
"Seattle, WA",2018-10-31,actual,1670.56,,
"Seattle, WA",2018-11-30,actual,1679.44,,
"Seattle, WA",2018-12-31,actual,1684.43,,
"Seattle, WA",2019-01-31,actual,1689.52,,
"Seattle, WA",2019-02-28,actual,1689.93,,
"Seattle, WA",2019-03-31,actual,1693.32,,
"Seattle, WA",2019-04-30,actual,1696.9,,
"Seattle, WA",2019-05-31,actual,1699.44,,
"Seattle, WA",2019-06-30,actual,1703.66,,
"Seattle, WA",2019-07-31,actual,1711.13,,
"Seattle, WA",2019-08-31,actual,1720.35,,
"Seattle, WA",2019-09-30,actual,1729.91,,
"Seattle, WA",2019-10-31,actual,1738.51,,
"Seattle, WA",2019-11-30,actual,1743.31,,
"Seattle, WA",2019-12-31,actual,1752.48,,
"Seattle, WA",2020-01-31,actual,1760.98,,
"Seattle, WA",2020-02-29,actual,1773.85,,
"Seattle, WA",2020-03-31,actual,1778.2,,
"Seattle, WA",2020-04-30,actual,1765.84,,
"Seattle, WA",2020-05-31,actual,1743.92,,
"Seattle, WA",2020-06-30,actual,1717.4,,
"Seattle, WA",2020-07-31,actual,1702.76,,
"Seattle, WA",2020-08-31,actual,1691.2,,
"Seattle, WA",2020-09-30,actual,1678.56,,
"Seattle, WA",2020-10-31,actual,1665.14,,
"Seattle, WA",2020-11-30,actual,1651.19,,
"Seattle, WA",2020-12-31,actual,1639.89,,
"Seattle, WA",2021-01-31,actual,1644.5,,
"Seattle, WA",2021-02-28,actual,1652.04,,
"Seattle, WA",2021-03-31,actual,1666.78,,
"Seattle, WA",2021-04-30,actual,1684.37,,
"Seattle, WA",2021-05-31,actual,1711.84,,
"Seattle, WA",2021-06-30,actual,1745.07,,
"Seattle, WA",2021-07-31,actual,1777.22,,
"Seattle, WA",2021-08-31,actual,1811.52,,
"Seattle, WA",2021-09-30,actual,1844.27,,
"Seattle, WA",2021-10-31,actual,1871.97,,
"Seattle, WA",2021-11-30,actual,1894.49,,
"Seattle, WA",2021-12-31,actual,1911.75,,
"Seattle, WA",2022-01-31,actual,1920.13,,
"Seattle, WA",2022-02-28,actual,1928.44,,
"Seattle, WA",2022-03-31,actual,1934.29,,
"Seattle, WA",2022-04-30,actual,1947.54,,
"Seattle, WA",2022-05-31,actual,1961.7,,
"Seattle, WA",2022-06-30,actual,1978.59,,
"Seattle, WA",2022-07-31,actual,1989.49,,
"Seattle, WA",2022-08-31,actual,1990.84,,
"Seattle, WA",2022-09-30,actual,1989.26,,
"Seattle, WA",2022-10-31,actual,1985.0,,
"Seattle, WA",2022-11-30,actual,1982.54,,
"Seattle, WA",2022-12-31,actual,1978.83,,
"Seattle, WA",2023-01-31,actual,1977.49,,
"Seattle, WA",2023-02-28,actual,1978.25,,
"Seattle, WA",2023-03-31,actual,1986.19,,
"Seattle, WA",2023-04-30,actual,1985.27,,
"Seattle, WA",2023-05-31,actual,1984.24,,
"Seattle, WA",2023-06-30,actual,1976.04,,
"Seattle, WA",2023-07-31,actual,1975.19,,
"Seattle, WA",2023-08-31,actual,1977.87,,
"Seattle, WA",2023-09-30,actual,1981.74,,
"Seattle, WA",2023-10-31,actual,1987.67,,
"Seattle, WA",2023-11-30,actual,1990.43,,
"Seattle, WA",2023-12-31,actual,1999.08,,
"Seattle, WA",2024-01-31,actual,2008.27,,
"Seattle, WA",2024-02-29,actual,2017.88,,
"Seattle, WA",2024-03-31,actual,2021.04,,
"Seattle, WA",2024-04-30,actual,2025.79,,
"Seattle, WA",2024-05-31,actual,2030.61,,
"Seattle, WA",2024-06-30,actual,2033.41,,
"Seattle, WA",2024-07-31,actual,2033.99,,
"Seattle, WA",2024-08-31,actual,2034.45,,
"Seattle, WA",2024-09-30,actual,2034.72,,
"Seattle, WA",2024-10-31,actual,2037.79,,
"Seattle, WA",2024-11-30,actual,2042.84,,
"Seattle, WA",2024-12-31,actual,2048.86,,
"Seattle, WA",2025-01-31,actual,2054.31,,
"Seattle, WA",2025-02-28,actual,2059.56,,
"Seattle, WA",2025-03-31,actual,2062.71,,
"Seattle, WA",2025-04-30,actual,2063.88,,
"Seattle, WA",2025-05-31,actual,2066.68,,
"Seattle, WA",2025-06-30,actual,2073.06,,
"Seattle, WA",2025-07-31,actual,2078.24,,
"Seattle, WA",2025-08-31,actual,2082.98,,
"Seattle, WA",2025-09-30,actual,2087.22,,
"Seattle, WA",2025-10-31,actual,2088.27,,
"Seattle, WA",2025-11-30,actual,2088.42,,
"Seattle, WA",2025-12-31,actual,2084.69,,
"Seattle, WA",2026-01-31,actual,2080.38,,
"Seattle, WA",2026-02-28,actual,2075.01,,
"Seattle, WA",2026-03-31,actual,2072.37,,
"Seattle, WA",2026-04-30,actual,2071.29,,
"Seattle, WA",2026-05-31,forecast,2070.19,2061.38,2079.0
"Seattle, WA",2026-06-30,forecast,2069.1,2056.64,2081.56
"Seattle, WA",2026-07-31,forecast,2068.01,2052.75,2083.27
"Seattle, WA",2026-08-31,forecast,2066.92,2049.3,2084.54
"Seattle, WA",2026-09-30,forecast,2065.83,2046.13,2085.53
"Seattle, WA",2026-10-31,forecast,2064.74,2043.16,2086.32
"Seattle, WA",2026-11-30,forecast,2063.65,2040.34,2086.96
"Seattle, WA",2026-12-31,forecast,2062.56,2037.64,2087.48
"Seattle, WA",2027-01-31,forecast,2061.47,2035.04,2087.9
"Seattle, WA",2027-02-28,forecast,2060.38,2032.52,2088.24
"Seattle, WA",2027-03-31,forecast,2059.29,2030.07,2088.51
"Seattle, WA",2027-04-30,forecast,2058.2,2027.68,2088.72
United States,2015-01-31,actual,1149.05,,
United States,2015-02-28,actual,1154.43,,
United States,2015-03-31,actual,1161.89,,
United States,2015-04-30,actual,1165.83,,
United States,2015-05-31,actual,1170.21,,
United States,2015-06-30,actual,1173.74,,
United States,2015-07-31,actual,1179.0,,
United States,2015-08-31,actual,1184.23,,
United States,2015-09-30,actual,1189.51,,
United States,2015-10-31,actual,1194.97,,
United States,2015-11-30,actual,1200.13,,
United States,2015-12-31,actual,1204.15,,
United States,2016-01-31,actual,1207.38,,
United States,2016-02-29,actual,1210.12,,
United States,2016-03-31,actual,1211.78,,
United States,2016-04-30,actual,1215.7,,
United States,2016-05-31,actual,1219.84,,
United States,2016-06-30,actual,1225.24,,
United States,2016-07-31,actual,1228.7,,
United States,2016-08-31,actual,1232.61,,
United States,2016-09-30,actual,1237.05,,
United States,2016-10-31,actual,1241.17,,
United States,2016-11-30,actual,1244.57,,
United States,2016-12-31,actual,1247.31,,
United States,2017-01-31,actual,1250.85,,
United States,2017-02-28,actual,1254.68,,
United States,2017-03-31,actual,1259.58,,
United States,2017-04-30,actual,1263.4,,
United States,2017-05-31,actual,1267.56,,
United States,2017-06-30,actual,1270.22,,
United States,2017-07-31,actual,1272.74,,
United States,2017-08-31,actual,1274.39,,
United States,2017-09-30,actual,1277.4,,
United States,2017-10-31,actual,1280.22,,
United States,2017-11-30,actual,1284.07,,
United States,2017-12-31,actual,1288.57,,
United States,2018-01-31,actual,1292.95,,
United States,2018-02-28,actual,1297.81,,
United States,2018-03-31,actual,1301.13,,
United States,2018-04-30,actual,1305.27,,
United States,2018-05-31,actual,1307.99,,
United States,2018-06-30,actual,1311.85,,
United States,2018-07-31,actual,1315.98,,
United States,2018-08-31,actual,1320.76,,
United States,2018-09-30,actual,1324.2,,
United States,2018-10-31,actual,1328.55,,
United States,2018-11-30,actual,1333.32,,
United States,2018-12-31,actual,1337.49,,
United States,2019-01-31,actual,1341.17,,
United States,2019-02-28,actual,1343.7,,
United States,2019-03-31,actual,1347.76,,
United States,2019-04-30,actual,1351.38,,
United States,2019-05-31,actual,1355.88,,
United States,2019-06-30,actual,1360.0,,
United States,2019-07-31,actual,1364.33,,
United States,2019-08-31,actual,1368.48,,
United States,2019-09-30,actual,1372.87,,
United States,2019-10-31,actual,1376.71,,
United States,2019-11-30,actual,1379.88,,
United States,2019-12-31,actual,1383.39,,
United States,2020-01-31,actual,1387.22,,
United States,2020-02-29,actual,1391.68,,
United States,2020-03-31,actual,1391.57,,
United States,2020-04-30,actual,1385.07,,
United States,2020-05-31,actual,1374.58,,
United States,2020-06-30,actual,1365.19,,
United States,2020-07-31,actual,1360.47,,
United States,2020-08-31,actual,1355.61,,
United States,2020-09-30,actual,1351.2,,
United States,2020-10-31,actual,1349.94,,
United States,2020-11-30,actual,1351.27,,
United States,2020-12-31,actual,1355.83,,
United States,2021-01-31,actual,1364.83,,
United States,2021-02-28,actual,1374.99,,
United States,2021-03-31,actual,1386.44,,
United States,2021-04-30,actual,1400.97,,
United States,2021-05-31,actual,1420.5,,
United States,2021-06-30,actual,1443.19,,
United States,2021-07-31,actual,1466.54,,
United States,2021-08-31,actual,1492.4,,
United States,2021-09-30,actual,1518.71,,
United States,2021-10-31,actual,1540.88,,
United States,2021-11-30,actual,1559.18,,
United States,2021-12-31,actual,1574.28,,
United States,2022-01-31,actual,1585.44,,
United States,2022-02-28,actual,1595.29,,
United States,2022-03-31,actual,1603.53,,
United States,2022-04-30,actual,1616.78,,
United States,2022-05-31,actual,1630.36,,
United States,2022-06-30,actual,1644.29,,
United States,2022-07-31,actual,1654.6,,
United States,2022-08-31,actual,1660.6,,
United States,2022-09-30,actual,1664.1,,
United States,2022-10-31,actual,1665.3,,
United States,2022-11-30,actual,1667.88,,
United States,2022-12-31,actual,1670.99,,
United States,2023-01-31,actual,1674.83,,
United States,2023-02-28,actual,1678.99,,
United States,2023-03-31,actual,1685.83,,
United States,2023-04-30,actual,1688.76,,
United States,2023-05-31,actual,1691.45,,
United States,2023-06-30,actual,1689.89,,
United States,2023-07-31,actual,1690.81,,
United States,2023-08-31,actual,1692.31,,
United States,2023-09-30,actual,1693.96,,
United States,2023-10-31,actual,1697.44,,
United States,2023-11-30,actual,1700.44,,
United States,2023-12-31,actual,1704.11,,
United States,2024-01-31,actual,1707.55,,
United States,2024-02-29,actual,1711.13,,
United States,2024-03-31,actual,1713.62,,
United States,2024-04-30,actual,1716.63,,
United States,2024-05-31,actual,1720.0,,
United States,2024-06-30,actual,1724.11,,
United States,2024-07-31,actual,1726.95,,
United States,2024-08-31,actual,1729.12,,
United States,2024-09-30,actual,1731.84,,
United States,2024-10-31,actual,1734.67,,
United States,2024-11-30,actual,1738.5,,
United States,2024-12-31,actual,1741.62,,
United States,2025-01-31,actual,1745.21,,
United States,2025-02-28,actual,1747.82,,
United States,2025-03-31,actual,1750.48,,
United States,2025-04-30,actual,1752.29,,
United States,2025-05-31,actual,1753.76,,
United States,2025-06-30,actual,1756.15,,
United States,2025-07-31,actual,1758.69,,
United States,2025-08-31,actual,1761.86,,
United States,2025-09-30,actual,1764.64,,
United States,2025-10-31,actual,1766.64,,
United States,2025-11-30,actual,1767.57,,
United States,2025-12-31,actual,1768.33,,
United States,2026-01-31,actual,1768.47,,
United States,2026-02-28,actual,1768.92,,
United States,2026-03-31,actual,1769.06,,
United States,2026-04-30,actual,1769.94,,
United States,2026-05-31,forecast,1770.81,1767.77,1773.85
United States,2026-06-30,forecast,1771.69,1767.39,1775.99
United States,2026-07-31,forecast,1772.56,1767.29,1777.83
United States,2026-08-31,forecast,1773.44,1767.36,1779.52
United States,2026-09-30,forecast,1774.32,1767.51,1781.12
United States,2026-10-31,forecast,1775.19,1767.74,1782.64
United States,2026-11-30,forecast,1776.07,1768.02,1784.12
United States,2026-12-31,forecast,1776.94,1768.34,1785.55
United States,2027-01-31,forecast,1777.82,1768.69,1786.95
United States,2027-02-28,forecast,1778.7,1769.08,1788.32
United States,2027-03-31,forecast,1779.57,1769.48,1789.66
United States,2027-04-30,forecast,1780.45,1769.91,1790.99
